1.0,S,5.0,94.0,0.0,1033.0
1.0,S,5.0,94.0,0.0,1033.0
1.0,S,5.0,94.0,0.0,1033.0
1.0,S,5.0,94.0,0.0,1033.0
1.0,S,5.0,94.0,0.0,1033.0
1.0,S,5.0,94.0,0.0,1033.0
1.0,S,5.0,94.0,0.0,1033.0
1.0,S,5.0,94.0,0.0,1033.0
1.0,S,5.0,94.0,0.0,1033.0
1.0,S,5.0,94.0,0.0,1033.0
1.0,S,5.0,94.0,0.0,1033.0
1.0,S,5.0,94.0,0.0,1033.0
1.0,S,5.0,94.0,0.0,1033.0
1.0,S,5.0,94.0,0.0,1033.0
1.0,S,5.0,94.0,0.0,1033.0
1.0,S,5.0,94.0,0.0,1033.0
1.0,S,5.0,94.0,0.0,1033.0
1.0,S,5.0,94.0,0.0,1033.0
1.0,S,5.0,94.0,0.0,1033.0
1.0,S,5.0,94.0,0.0,1033.0
1.0,S,5.0,94.0,0.0,1033.0
1.0,S,5.0,94.0,0.0,1033.0
1.0,S,5.0,94.0,0.0,1033.0
1.0,S,5.0,94.0,0.0,1033.0
1.0,S,5.0,94.0,0.0,1033.0
1.0,S,5.0,94.0,0.0,1033.0
1.0,S,5.0,94.0,0.0,1033.0
1.0,S,5.0,94.0,0.0,1033.0
1.0,S,5.0,94.0,0.0,1033.0
1.0,S,5.0,94.0,0.0,1033.0
1.0,S,5.0,94.0,0.0,1033.0
1.0,S,5.0,94.0,0.0,1033.0
1.0,S,5.0,94.0,0.0,1033.0
1.0,S,5.0,94.0,0.0,1033.0
1.0,S,5.0,94.0,0.0,1033.0
1.0,S,5.0,94.0,0.0,1033.0
1.0,S,5.0,94.0,0.0,1033.0
1.0,S,5.0,94.0,0.0,1033.0
1.0,S,5.0,94.0,0.0,1033.0
1.0,S,5.0,94.0,0.0,1033.0
1.0,S,5.0,94.0,0.0,1033.0
1.0,S,5.0,94.0,0.0,1033.0
1.0,S,5.0,94.0,0.0,1033.0
1.0,S,5.0,94.0,0.0,1033.0
1.0,S,5.0,94.0,0.0,1033.0
1.0,S,5.0,94.0,0.0,1033.0
1.0,S,5.0,94.0,0.0,1033.0
1.0,S,5.0,94.0,0.0,1033.0
1.0,S,5.0,94.0,0.0,1033.0
1.0,S,5.0,94.0,0.0,1033.0
1.0,S,5.0,94.0,0.0,1033.0
1.0,S,5.0,94.0,0.0,1033.0
1.0,S,5.0,94.0,0.0,1033.0
1.0,S,5.0,94.0,0.0,1033.0
1.0,S,5.0,94.0,0.0,1033.0
1.0,S,5.0,94.0,0.0,1033.0
1.0,S,5.0,94.0,0.0,1033.0
1.0,S,5.0,94.0,0.0,1033.0
1.0,S,5.0,94.0,0.0,1033.0
1.0,S,5.0,94.0,0.0,1033.0
1.0,S,5.0,94.0,0.0,1033.0
1.0,S,5.0,94.0,0.0,1033.0
1.0,S,5.0,94.0,0.0,1033.0
1.0,S,5.0,94.0,0.0,1033.0
1.0,S,5.0,94.0,0.0,1033.0
1.0,S,5.0,94.0,0.0,1033.0
1.0,S,5.0,94.0,0.0,1033.0
1.0,S,5.0,94.0,0.0,1033.0
1.0,S,5.0,94.0,0.0,1033.0
1.0,S,5.0,94.0,0.0,1033.0
1.0,S,5.0,94.0,0.0,1033.0
1.0,S,5.0,94.0,0.0,1033.0
1.0,S,5.0,94.0,0.0,1033.0
1.0,S,5.0,94.0,0.0,1033.0
1.0,S,5.0,94.0,0.0,1033.0
1.0,S,5.0,94.0,0.0,1033.0
1.0,S,5.0,94.0,0.0,1033.0
1.0,S,5.0,94.0,0.0,1033.0
1.0,S,5.0,94.0,0.0,1033.0
1.0,S,5.0,94.0,0.0,1033.0
1.0,S,5.0,94.0,0.0,1033.0
1.0,S,5.0,94.0,0.0,1033.0
1.0,S,5.0,94.0,0.0,1033.0
1.0,S,5.0,94.0,0.0,1033.0
1.0,S,5.0,94.0,0.0,1033.0
1.0,S,5.0,94.0,0.0,1033.0
1.0,S,5.0,94.0,0.0,1033.0
1.0,S,5.0,94.0,0.0,1033.0
1.0,S,5.0,94.0,0.0,1033.0
1.0,S,5.0,94.0,0.0,1033.0
1.0,S,5.0,94.0,0.0,1033.0
1.0,S,5.0,94.0,0.0,1033.0
1.0,S,5.0,94.0,0.0,1033.0
1.0,S,5.0,94.0,0.0,1033.0
1.0,S,5.0,94.0,0.0,1033.0
1.0,S,5.0,94.0,0.0,1033.0
1.0,S,5.0,94.0,0.0,1033.0
1.0,S,5.0,94.0,0.0,1033.0
1.0,S,5.0,94.0,0.0,1033.0
1.0,S,5.0,94.0,0.0,1033.0
1.0,S,5.0,94.0,0.0,1033.0
1.0,S,5.0,94.0,0.0,1033.0
1.0,S,5.0,94.0,0.0,1033.0
1.0,S,5.0,94.0,0.0,1033.0
1.0,S,5.0,94.0,0.0,1033.0
1.0,S,5.0,94.0,0.0,1033.0
1.0,S,5.0,94.0,0.0,1033.0
1.0,S,5.0,94.0,0.0,1033.0
1.0,S,5.0,94.0,0.0,1033.0
1.0,S,5.0,94.0,0.0,1033.0
1.0,S,5.0,94.0,0.0,1033.0
1.0,S,5.0,94.0,0.0,1033.0
1.0,S,5.0,94.0,0.0,1033.0
1.0,S,5.0,94.0,0.0,1033.0
1.0,S,5.0,94.0,0.0,1033.0
1.0,S,5.0,94.0,0.0,1033.0
1.0,S,5.0,94.0,0.0,1033.0
1.0,S,5.0,94.0,0.0,1033.0
1.0,S,5.0,94.0,0.0,1033.0
1.0,S,5.0,94.0,0.0,1033.0
1.0,S,5.0,94.0,0.0,1033.0
1.0,S,5.0,94.0,0.0,1033.0
1.0,S,5.0,94.0,0.0,1033.0
1.0,S,5.0,94.0,0.0,1033.0
1.0,S,5.0,94.0,0.0,1033.0
1.0,S,5.0,94.0,0.0,1033.0
1.0,S,5.0,94.0,0.0,1033.0
1.0,S,5.0,94.0,0.0,1033.0
1.0,S,5.0,94.0,0.0,1033.0
1.0,S,5.0,94.0,0.0,1033.0
1.0,S,5.0,94.0,0.0,1033.0
1.0,S,5.0,94.0,0.0,1033.0
1.0,S,5.0,94.0,0.0,1033.0
1.0,S,5.0,94.0,0.0,1033.0
1.0,S,5.0,94.0,0.0,1033.0
1.0,S,5.0,94.0,0.0,1033.0
1.0,S,5.0,94.0,0.0,1033.0
1.0,S,5.0,94.0,0.0,1033.0
1.0,S,5.0,94.0,0.0,1033.0
1.0,S,5.0,94.0,0.0,1033.0
1.0,S,5.0,94.0,0.0,1033.0
1.0,S,5.0,94.0,0.0,1033.0
1.0,S,5.0,94.0,0.0,1033.0
1.0,S,5.0,94.0,0.0,1033.0
1.0,S,5.0,94.0,0.0,1033.0
1.0,S,5.0,94.0,0.0,1033.0
1.0,S,5.0,94.0,0.0,1033.0
1.0,S,5.0,94.0,0.0,1033.0
1.0,S,5.0,94.0,0.0,1033.0
1.0,S,5.0,94.0,0.0,1033.0
1.0,S,5.0,94.0,0.0,1033.0
1.0,S,5.0,94.0,0.0,1033.0
3.0,ENE,5.0,86.0,1.0,1033.0
3.0,ENE,5.0,86.0,1.0,1033.0
3.0,ENE,5.0,86.0,1.0,1033.0
3.0,ENE,5.0,86.0,1.0,1033.0
3.0,ENE,5.0,86.0,1.0,1033.0
3.0,ENE,5.0,86.0,1.0,1033.0
3.0,ENE,5.0,86.0,1.0,1033.0
3.0,ENE,5.0,86.0,1.0,1033.0
3.0,ENE,5.0,86.0,1.0,1033.0
3.0,ENE,5.0,86.0,1.0,1033.0
3.0,ENE,5.0,86.0,1.0,1033.0
3.0,ENE,5.0,86.0,1.0,1033.0
3.0,ENE,5.0,86.0,1.0,1033.0
3.0,ENE,5.0,86.0,1.0,1033.0
3.0,ENE,5.0,86.0,1.0,1033.0
3.0,ENE,5.0,86.0,1.0,1033.0
3.0,ENE,5.0,86.0,1.0,1033.0
3.0,ENE,5.0,86.0,1.0,1033.0
3.0,ENE,5.0,86.0,1.0,1033.0
3.0,ENE,5.0,86.0,1.0,1033.0
3.0,ENE,5.0,86.0,1.0,1033.0
3.0,ENE,5.0,86.0,1.0,1033.0
3.0,ENE,5.0,86.0,1.0,1033.0
3.0,ENE,5.0,86.0,1.0,1033.0
3.0,ENE,5.0,86.0,1.0,1033.0
3.0,ENE,5.0,86.0,1.0,1033.0
3.0,ENE,5.0,86.0,1.0,1033.0
3.0,ENE,5.0,86.0,1.0,1033.0
3.0,ENE,5.0,86.0,1.0,1033.0
3.0,ENE,5.0,86.0,1.0,1033.0
3.0,ENE,5.0,86.0,1.0,1033.0
3.0,ENE,5.0,86.0,1.0,1033.0
3.0,ENE,5.0,86.0,1.0,1033.0
3.0,ENE,5.0,86.0,1.0,1033.0
3.0,ENE,5.0,86.0,1.0,1033.0
3.0,ENE,5.0,86.0,1.0,1033.0
3.0,ENE,5.0,86.0,1.0,1033.0
3.0,ENE,5.0,86.0,1.0,1033.0
3.0,ENE,5.0,86.0,1.0,1033.0
3.0,ENE,5.0,86.0,1.0,1033.0
3.0,ENE,5.0,86.0,1.0,1033.0
3.0,ENE,5.0,86.0,1.0,1033.0
3.0,ENE,5.0,86.0,1.0,1033.0
3.0,ENE,5.0,86.0,1.0,1033.0
3.0,ENE,5.0,86.0,1.0,1033.0
3.0,ENE,5.0,86.0,1.0,1033.0
3.0,ENE,5.0,86.0,1.0,1033.0
3.0,ENE,5.0,86.0,1.0,1033.0
3.0,ENE,5.0,86.0,1.0,1033.0
3.0,ENE,5.0,86.0,1.0,1033.0
3.0,ENE,5.0,86.0,1.0,1033.0
3.0,ENE,5.0,86.0,1.0,1033.0
3.0,ENE,5.0,86.0,1.0,1033.0
3.0,ENE,5.0,86.0,1.0,1033.0
3.0,ENE,5.0,86.0,1.0,1033.0
3.0,ENE,5.0,86.0,1.0,1033.0
3.0,ENE,5.0,86.0,1.0,1033.0
3.0,ENE,5.0,86.0,1.0,1033.0
3.0,ENE,5.0,86.0,1.0,1033.0
3.0,ENE,5.0,86.0,1.0,1033.0
3.0,ENE,5.0,86.0,1.0,1033.0
3.0,ENE,5.0,86.0,1.0,1033.0
3.0,ENE,5.0,86.0,1.0,1033.0
3.0,ENE,5.0,86.0,1.0,1033.0
3.0,ENE,5.0,86.0,1.0,1033.0
3.0,ENE,5.0,86.0,1.0,1033.0
3.0,ENE,5.0,86.0,1.0,1033.0
3.0,ENE,5.0,86.0,1.0,1033.0
3.0,ENE,5.0,86.0,1.0,1033.0
3.0,ENE,5.0,86.0,1.0,1033.0
3.0,ENE,5.0,86.0,1.0,1033.0
3.0,ENE,5.0,86.0,1.0,1033.0
3.0,ENE,5.0,86.0,1.0,1033.0
3.0,ENE,5.0,86.0,1.0,1033.0
3.0,ENE,5.0,86.0,1.0,1033.0
3.0,ENE,5.0,86.0,1.0,1033.0
3.0,ENE,5.0,86.0,1.0,1033.0
3.0,ENE,5.0,86.0,1.0,1033.0
3.0,ENE,5.0,86.0,1.0,1033.0
3.0,ENE,5.0,86.0,1.0,1033.0
3.0,ENE,5.0,86.0,1.0,1033.0
3.0,ENE,5.0,86.0,1.0,1033.0
3.0,ENE,5.0,86.0,1.0,1033.0
3.0,ENE,5.0,86.0,1.0,1033.0
3.0,ENE,5.0,86.0,1.0,1033.0
3.0,ENE,5.0,86.0,1.0,1033.0
3.0,ENE,5.0,86.0,1.0,1033.0
3.0,ENE,5.0,86.0,1.0,1033.0
3.0,ENE,5.0,86.0,1.0,1033.0
3.0,ENE,5.0,86.0,1.0,1033.0
3.0,ENE,5.0,86.0,1.0,1033.0
3.0,ENE,5.0,86.0,1.0,1033.0
3.0,ESE,3.0,86.0,1.0,1033.0
3.0,ESE,3.0,86.0,1.0,1033.0
3.0,ESE,3.0,86.0,1.0,1033.0
3.0,ESE,3.0,86.0,1.0,1033.0
3.0,ESE,3.0,86.0,1.0,1033.0
3.0,ESE,3.0,86.0,1.0,1033.0
3.0,ESE,3.0,86.0,1.0,1033.0
3.0,ESE,3.0,86.0,1.0,1033.0
3.0,ESE,3.0,86.0,1.0,1033.0
3.0,ESE,3.0,86.0,1.0,1033.0
3.0,ESE,3.0,86.0,1.0,1033.0
3.0,ESE,3.0,86.0,1.0,1033.0
3.0,ESE,3.0,86.0,1.0,1033.0
3.0,ESE,3.0,86.0,1.0,1033.0
3.0,ESE,3.0,86.0,1.0,1033.0
3.0,ESE,3.0,86.0,1.0,1033.0
3.0,ESE,3.0,86.0,1.0,1033.0
3.0,ESE,3.0,86.0,1.0,1033.0
3.0,ESE,3.0,86.0,1.0,1033.0
3.0,ESE,3.0,86.0,1.0,1033.0
3.0,ESE,3.0,86.0,1.0,1033.0
3.0,ESE,3.0,86.0,1.0,1033.0
3.0,ESE,3.0,86.0,1.0,1033.0
3.0,ESE,3.0,86.0,1.0,1033.0
3.0,ESE,3.0,86.0,1.0,1033.0
3.0,ESE,3.0,86.0,1.0,1033.0
3.0,ESE,3.0,86.0,1.0,1033.0
3.0,ESE,3.0,86.0,1.0,1033.0
3.0,ESE,3.0,86.0,1.0,1033.0
3.0,ESE,3.0,86.0,1.0,1033.0
3.0,ESE,3.0,86.0,1.0,1033.0
3.0,ESE,3.0,86.0,1.0,1033.0
3.0,ESE,3.0,86.0,1.0,1033.0
3.0,ESE,3.0,86.0,1.0,1033.0
3.0,ESE,3.0,86.0,1.0,1033.0
3.0,ESE,3.0,86.0,1.0,1033.0
3.0,ESE,3.0,86.0,1.0,1033.0
3.0,ESE,3.0,86.0,1.0,1033.0
3.0,ESE,3.0,86.0,1.0,1033.0
3.0,ESE,3.0,86.0,1.0,1033.0
3.0,ESE,3.0,86.0,1.0,1033.0
3.0,ESE,3.0,86.0,1.0,1033.0
3.0,ESE,3.0,86.0,1.0,1033.0
3.0,ESE,3.0,86.0,1.0,1033.0
3.0,ESE,3.0,86.0,1.0,1033.0
3.0,ESE,3.0,86.0,1.0,1033.0
3.0,ESE,3.0,86.0,1.0,1033.0
3.0,ESE,3.0,86.0,1.0,1033.0
3.0,ESE,3.0,86.0,1.0,1033.0
3.0,ESE,3.0,86.0,1.0,1033.0
3.0,ESE,3.0,86.0,1.0,1033.0
3.0,ESE,3.0,86.0,1.0,1033.0
3.0,ESE,3.0,86.0,1.0,1033.0
3.0,ESE,3.0,86.0,1.0,1033.0
3.0,ESE,3.0,86.0,1.0,1033.0
3.0,ESE,3.0,86.0,1.0,1033.0
3.0,ESE,3.0,86.0,1.0,1033.0
3.0,ESE,3.0,86.0,1.0,1033.0
3.0,ESE,3.0,86.0,1.0,1033.0
3.0,ESE,3.0,86.0,1.0,1033.0
3.0,ESE,3.0,86.0,1.0,1033.0
3.0,ESE,3.0,86.0,1.0,1033.0
3.0,ESE,3.0,86.0,1.0,1033.0
3.0,ESE,3.0,86.0,1.0,1033.0
3.0,ESE,3.0,86.0,1.0,1033.0
3.0,ESE,3.0,86.0,1.0,1033.0
3.0,ESE,3.0,86.0,1.0,1033.0
3.0,ESE,3.0,86.0,1.0,1033.0
3.0,ESE,3.0,86.0,1.0,1033.0
3.0,ESE,3.0,86.0,1.0,1033.0
3.0,ESE,3.0,86.0,1.0,1033.0
3.0,ESE,3.0,86.0,1.0,1033.0
3.0,ESE,3.0,86.0,1.0,1033.0
3.0,ESE,3.0,86.0,1.0,1033.0
3.0,ESE,3.0,86.0,1.0,1033.0
3.0,ESE,3.0,86.0,1.0,1033.0
3.0,ESE,3.0,86.0,1.0,1033.0
3.0,ESE,3.0,86.0,1.0,1033.0
3.0,ESE,3.0,86.0,1.0,1033.0
3.0,ESE,3.0,86.0,1.0,1033.0
3.0,ESE,3.0,86.0,1.0,1033.0
3.0,ESE,3.0,86.0,1.0,1033.0
3.0,ESE,3.0,86.0,1.0,1033.0
3.0,ESE,3.0,86.0,1.0,1033.0
3.0,ESE,3.0,86.0,1.0,1033.0
3.0,ESE,3.0,86.0,1.0,1033.0
3.0,ESE,3.0,86.0,1.0,1033.0
3.0,ESE,3.0,86.0,1.0,1033.0
3.0,ESE,3.0,86.0,1.0,1033.0
3.0,ESE,3.0,86.0,1.0,1033.0
3.0,ESE,3.0,86.0,1.0,1033.0
3.0,ESE,3.0,86.0,1.0,1033.0
3.0,ESE,3.0,86.0,1.0,1033.0
3.0,ESE,3.0,86.0,1.0,1033.0
3.0,ESE,3.0,86.0,1.0,1033.0
3.0,ESE,3.0,86.0,1.0,1033.0
3.0,ESE,3.0,86.0,1.0,1033.0
3.0,ESE,3.0,86.0,1.0,1033.0
3.0,ESE,3.0,86.0,1.0,1033.0
3.0,ESE,3.0,86.0,1.0,1033.0
3.0,ESE,3.0,86.0,1.0,1033.0
3.0,ESE,3.0,86.0,1.0,1033.0
3.0,ESE,3.0,86.0,1.0,1033.0
3.0,ESE,3.0,86.0,1.0,1033.0
3.0,ESE,3.0,86.0,1.0,1033.0
3.0,ESE,3.0,86.0,1.0,1033.0
3.0,ESE,3.0,86.0,1.0,1033.0
3.0,ESE,3.0,86.0,1.0,1033.0
3.0,ESE,3.0,86.0,1.0,1033.0
3.0,ESE,3.0,86.0,1.0,1033.0
3.0,ESE,3.0,86.0,1.0,1033.0
3.0,ESE,3.0,86.0,1.0,1033.0
3.0,ESE,3.0,86.0,1.0,1033.0
3.0,ESE,3.0,86.0,1.0,1033.0
3.0,ESE,3.0,86.0,1.0,1033.0
3.0,ESE,3.0,86.0,1.0,1033.0
3.0,ESE,3.0,86.0,1.0,1033.0
3.0,ESE,3.0,86.0,1.0,1033.0
3.0,ESE,3.0,86.0,1.0,1033.0
3.0,ESE,3.0,86.0,1.0,1033.0
3.0,ESE,3.0,86.0,1.0,1033.0
3.0,ESE,3.0,86.0,1.0,1033.0
3.0,ESE,3.0,86.0,1.0,1033.0
3.0,ESE,3.0,86.0,1.0,1033.0
3.0,ESE,3.0,86.0,1.0,1033.0
3.0,ESE,3.0,86.0,1.0,1033.0
3.0,ESE,3.0,86.0,1.0,1033.0
3.0,ESE,3.0,86.0,1.0,1033.0
3.0,ESE,3.0,86.0,1.0,1033.0
3.0,ESE,3.0,86.0,1.0,1033.0
3.0,ESE,3.0,86.0,1.0,1033.0
3.0,ESE,3.0,86.0,1.0,1033.0
3.0,ESE,3.0,86.0,1.0,1033.0
3.0,ESE,3.0,86.0,1.0,1033.0
3.0,ESE,3.0,86.0,1.0,1033.0
3.0,ESE,3.0,86.0,1.0,1033.0
3.0,ESE,3.0,86.0,1.0,1033.0
3.0,ESE,3.0,86.0,1.0,1033.0
3.0,ESE,3.0,86.0,1.0,1033.0
3.0,ESE,3.0,86.0,1.0,1033.0
3.0,ESE,3.0,86.0,1.0,1033.0
3.0,ESE,3.0,86.0,1.0,1033.0
3.0,ESE,3.0,86.0,1.0,1033.0
3.0,ESE,3.0,86.0,1.0,1033.0
3.0,ESE,3.0,86.0,1.0,1033.0
3.0,ESE,3.0,86.0,1.0,1033.0
3.0,ESE,3.0,86.0,1.0,1033.0
3.0,ESE,3.0,86.0,1.0,1033.0
3.0,ESE,3.0,86.0,1.0,1033.0
3.0,ESE,3.0,86.0,1.0,1033.0
3.0,ESE,3.0,86.0,1.0,1033.0
3.0,ESE,3.0,86.0,1.0,1033.0
3.0,ESE,3.0,86.0,1.0,1033.0
3.0,ESE,3.0,86.0,1.0,1033.0
3.0,ESE,3.0,86.0,1.0,1033.0
3.0,ESE,3.0,86.0,1.0,1033.0
3.0,ESE,3.0,86.0,1.0,1033.0
3.0,ESE,3.0,86.0,1.0,1033.0
3.0,ESE,3.0,86.0,1.0,1033.0
3.0,ESE,3.0,86.0,1.0,1033.0
3.0,ESE,3.0,86.0,1.0,1033.0
3.0,ESE,3.0,86.0,1.0,1033.0
3.0,ESE,3.0,86.0,1.0,1033.0
3.0,ESE,3.0,86.0,1.0,1033.0
3.0,ESE,3.0,86.0,1.0,1033.0
3.0,ESE,3.0,86.0,1.0,1033.0
3.0,ESE,3.0,86.0,1.0,1033.0
3.0,ESE,3.0,86.0,1.0,1033.0
3.0,ESE,3.0,86.0,1.0,1033.0
3.0,ESE,3.0,86.0,1.0,1033.0
3.0,ESE,3.0,86.0,1.0,1033.0
3.0,ESE,3.0,86.0,1.0,1033.0
3.0,ESE,3.0,86.0,1.0,1033.0
3.0,ESE,3.0,86.0,1.0,1033.0
3.0,ESE,3.0,86.0,1.0,1033.0
3.0,ESE,3.0,86.0,1.0,1033.0
3.0,ESE,3.0,86.0,1.0,1033.0
3.0,ESE,3.0,86.0,1.0,1033.0
3.0,ESE,3.0,86.0,1.0,1033.0
3.0,ESE,3.0,86.0,1.0,1033.0
3.0,ESE,3.0,86.0,1.0,1033.0
3.0,ESE,3.0,86.0,1.0,1033.0
3.0,ESE,3.0,86.0,1.0,1033.0
3.0,ESE,3.0,86.0,1.0,1033.0
3.0,ESE,3.0,86.0,1.0,1033.0
3.0,ESE,3.0,86.0,1.0,1033.0
3.0,ESE,3.0,86.0,1.0,1033.0
3.0,ESE,3.0,86.0,1.0,1033.0
3.0,ESE,3.0,86.0,1.0,1033.0
3.0,ESE,3.0,86.0,1.0,1033.0
3.0,ESE,3.0,86.0,1.0,1033.0
3.0,ESE,3.0,86.0,1.0,1033.0
3.0,ESE,3.0,86.0,1.0,1033.0
3.0,ESE,3.0,86.0,1.0,1033.0
3.0,ESE,3.0,86.0,1.0,1033.0
3.0,ESE,3.0,86.0,1.0,1033.0
3.0,ESE,3.0,86.0,1.0,1033.0
3.0,ESE,3.0,86.0,1.0,1033.0
3.0,ESE,3.0,86.0,1.0,1033.0
3.0,ESE,3.0,86.0,1.0,1033.0
3.0,ESE,3.0,86.0,1.0,1033.0
3.0,ESE,3.0,86.0,1.0,1033.0
3.0,ESE,3.0,86.0,1.0,1033.0
3.0,ESE,3.0,86.0,1.0,1033.0
3.0,ESE,3.0,86.0,1.0,1033.0
3.0,ESE,3.0,86.0,1.0,1033.0
3.0,ESE,3.0,86.0,1.0,1033.0
3.0,ESE,3.0,86.0,1.0,1033.0
3.0,ESE,3.0,86.0,1.0,1033.0
3.0,ESE,3.0,86.0,1.0,1033.0
3.0,ESE,3.0,86.0,1.0,1033.0
3.0,ESE,3.0,86.0,1.0,1033.0
3.0,ESE,3.0,86.0,1.0,1033.0
3.0,ESE,3.0,86.0,1.0,1033.0
3.0,ESE,3.0,86.0,1.0,1033.0
3.0,ESE,3.0,86.0,1.0,1033.0
3.0,ESE,3.0,86.0,1.0,1033.0
3.0,ESE,3.0,86.0,1.0,1033.0
3.0,ESE,3.0,86.0,1.0,1033.0
3.0,ESE,3.0,86.0,1.0,1033.0
3.0,ESE,3.0,86.0,1.0,1033.0
3.0,ESE,3.0,86.0,1.0,1033.0
3.0,ESE,3.0,86.0,1.0,1033.0
3.0,ESE,3.0,86.0,1.0,1033.0
3.0,ESE,3.0,86.0,1.0,1033.0
3.0,ESE,3.0,86.0,1.0,1033.0
3.0,ESE,3.0,86.0,1.0,1033.0
3.0,ESE,3.0,86.0,1.0,1033.0
3.0,ESE,3.0,86.0,1.0,1033.0
3.0,ESE,3.0,86.0,1.0,1033.0
3.0,ESE,3.0,86.0,1.0,1033.0
3.0,ESE,3.0,86.0,1.0,1033.0
3.0,ESE,3.0,86.0,1.0,1033.0
3.0,ESE,3.0,86.0,1.0,1033.0
3.0,ESE,3.0,86.0,1.0,1033.0
3.0,ESE,3.0,86.0,1.0,1033.0
3.0,ESE,3.0,86.0,1.0,1033.0
3.0,ESE,3.0,86.0,1.0,1033.0
3.0,ESE,3.0,86.0,1.0,1033.0
3.0,ESE,3.0,86.0,1.0,1033.0
3.0,ESE,3.0,86.0,1.0,1033.0
3.0,ESE,3.0,86.0,1.0,1033.0
3.0,ESE,3.0,86.0,1.0,1033.0
3.0,ESE,3.0,86.0,1.0,1033.0
3.0,ESE,3.0,86.0,1.0,1033.0
3.0,ESE,3.0,86.0,1.0,1033.0
3.0,ESE,3.0,86.0,1.0,1033.0
3.0,ESE,3.0,86.0,1.0,1033.0
3.0,ESE,3.0,86.0,1.0,1033.0
3.0,ESE,3.0,86.0,1.0,1033.0
3.0,ESE,3.0,86.0,1.0,1033.0
3.0,ESE,3.0,86.0,1.0,1033.0
3.0,ESE,3.0,86.0,1.0,1033.0
3.0,ESE,3.0,86.0,1.0,1033.0
3.0,ESE,3.0,86.0,1.0,1033.0
3.0,ESE,3.0,86.0,1.0,1033.0
3.0,ESE,3.0,86.0,1.0,1033.0
3.0,ESE,3.0,86.0,1.0,1033.0
3.0,ESE,3.0,86.0,1.0,1033.0
3.0,ESE,3.0,86.0,1.0,1033.0
3.0,ESE,3.0,86.0,1.0,1033.0
3.0,ESE,3.0,86.0,1.0,1033.0
3.0,ESE,3.0,86.0,1.0,1033.0
3.0,ESE,3.0,86.0,1.0,1033.0
3.0,ESE,3.0,86.0,1.0,1033.0
3.0,ESE,3.0,86.0,1.0,1033.0
3.0,ESE,3.0,86.0,1.0,1033.0
3.0,ESE,3.0,86.0,1.0,1033.0
3.0,ESE,3.0,86.0,1.0,1033.0
3.0,ESE,3.0,86.0,1.0,1033.0
3.0,ESE,3.0,86.0,1.0,1033.0
3.0,ESE,3.0,86.0,1.0,1033.0
3.0,ESE,3.0,86.0,1.0,1033.0
3.0,ESE,3.0,86.0,1.0,1033.0
3.0,ESE,3.0,86.0,1.0,1033.0
3.0,ESE,3.0,86.0,1.0,1033.0
3.0,ESE,3.0,86.0,1.0,1033.0
3.0,ESE,3.0,86.0,1.0,1033.0
3.0,ESE,3.0,86.0,1.0,1033.0
3.0,ESE,3.0,86.0,1.0,1033.0
3.0,ESE,3.0,86.0,1.0,1033.0
3.0,ESE,3.0,86.0,1.0,1033.0
3.0,ESE,3.0,86.0,1.0,1033.0
3.0,ESE,3.0,86.0,1.0,1033.0
3.0,ESE,3.0,86.0,1.0,1033.0
3.0,ESE,3.0,86.0,1.0,1033.0
3.0,ESE,3.0,86.0,1.0,1033.0
3.0,ESE,3.0,86.0,1.0,1033.0
3.0,ESE,3.0,86.0,1.0,1033.0
3.0,ESE,3.0,86.0,1.0,1033.0
3.0,ESE,3.0,86.0,1.0,1033.0
3.0,ESE,3.0,86.0,1.0,1033.0
3.0,ESE,3.0,86.0,1.0,1033.0
3.0,ESE,3.0,86.0,1.0,1033.0
3.0,ESE,3.0,86.0,1.0,1033.0
3.0,ESE,3.0,86.0,1.0,1033.0
3.0,ESE,3.0,86.0,1.0,1033.0
3.0,ESE,3.0,86.0,1.0,1033.0
3.0,ESE,3.0,86.0,1.0,1033.0
3.0,ESE,3.0,86.0,1.0,1033.0
3.0,ESE,3.0,86.0,1.0,1033.0
3.0,ESE,3.0,86.0,1.0,1033.0
3.0,ESE,3.0,86.0,1.0,1033.0
3.0,ESE,3.0,86.0,1.0,1033.0
3.0,ESE,3.0,86.0,1.0,1033.0
3.0,ESE,3.0,86.0,1.0,1033.0
3.0,ESE,3.0,86.0,1.0,1033.0
3.0,ESE,3.0,86.0,1.0,1033.0
3.0,ESE,3.0,86.0,1.0,1033.0
3.0,ESE,3.0,86.0,1.0,1033.0
3.0,ESE,3.0,86.0,1.0,1033.0
3.0,ESE,3.0,86.0,1.0,1033.0
3.0,ESE,3.0,86.0,1.0,1033.0
3.0,ESE,3.0,86.0,1.0,1033.0
3.0,ESE,3.0,86.0,1.0,1033.0
3.0,ESE,3.0,86.0,1.0,1033.0
3.0,ESE,3.0,86.0,1.0,1033.0
3.0,ESE,3.0,86.0,1.0,1033.0
3.0,ESE,3.0,86.0,1.0,1033.0
3.0,ESE,3.0,86.0,1.0,1033.0
3.0,ESE,3.0,86.0,1.0,1033.0
3.0,ESE,3.0,86.0,1.0,1033.0
3.0,ESE,3.0,86.0,1.0,1033.0
3.0,ESE,3.0,86.0,1.0,1033.0
3.0,ESE,3.0,86.0,1.0,1033.0
3.0,ESE,3.0,86.0,1.0,1033.0
3.0,ESE,3.0,86.0,1.0,1033.0
3.0,ESE,3.0,86.0,1.0,1033.0
3.0,ESE,3.0,86.0,1.0,1033.0
3.0,ESE,3.0,86.0,1.0,1033.0
3.0,ESE,3.0,86.0,1.0,1033.0
3.0,ESE,3.0,86.0,1.0,1033.0
3.0,ESE,3.0,86.0,1.0,1033.0
3.0,ESE,3.0,86.0,1.0,1033.0
3.0,ESE,3.0,86.0,1.0,1033.0
3.0,ESE,3.0,86.0,1.0,1033.0
3.0,ESE,3.0,86.0,1.0,1033.0
3.0,ESE,3.0,86.0,1.0,1033.0
3.0,ESE,3.0,86.0,1.0,1033.0
3.0,ESE,3.0,86.0,1.0,1033.0
3.0,ESE,3.0,86.0,1.0,1033.0
3.0,ESE,3.0,86.0,1.0,1033.0
3.0,ESE,3.0,86.0,1.0,1033.0
3.0,ESE,3.0,86.0,1.0,1033.0
3.0,ESE,3.0,86.0,1.0,1033.0
3.0,ESE,3.0,86.0,1.0,1033.0
3.0,ESE,3.0,86.0,1.0,1033.0
3.0,ESE,3.0,86.0,1.0,1033.0
3.0,ESE,3.0,86.0,1.0,1033.0
3.0,ESE,3.0,86.0,1.0,1033.0
3.0,ESE,3.0,86.0,1.0,1033.0
3.0,ESE,3.0,86.0,1.0,1033.0
3.0,ESE,3.0,86.0,1.0,1033.0
3.0,ESE,3.0,86.0,1.0,1033.0
3.0,ESE,3.0,86.0,1.0,1033.0
3.0,ESE,3.0,86.0,1.0,1033.0
3.0,ESE,3.0,86.0,1.0,1033.0
3.0,ESE,3.0,86.0,1.0,1033.0
3.0,ESE,3.0,86.0,1.0,1033.0
3.0,ESE,3.0,86.0,1.0,1033.0
3.0,ESE,3.0,86.0,1.0,1033.0
3.0,ESE,3.0,86.0,1.0,1033.0
3.0,ESE,3.0,86.0,1.0,1033.0
3.0,ESE,3.0,86.0,1.0,1033.0
3.0,ESE,3.0,86.0,1.0,1033.0
3.0,ESE,3.0,86.0,1.0,1033.0
3.0,ESE,3.0,86.0,1.0,1033.0
3.0,ESE,3.0,86.0,1.0,1033.0
3.0,ESE,3.0,86.0,1.0,1033.0
3.0,ESE,3.0,86.0,1.0,1033.0
3.0,ESE,3.0,86.0,1.0,1033.0
3.0,ESE,3.0,86.0,1.0,1033.0
3.0,ESE,3.0,86.0,1.0,1033.0
3.0,ESE,3.0,86.0,1.0,1033.0
3.0,ESE,3.0,86.0,1.0,1033.0
3.0,ESE,3.0,86.0,1.0,1033.0
3.0,ESE,3.0,86.0,1.0,1033.0
3.0,ESE,3.0,86.0,1.0,1033.0
3.0,ESE,3.0,86.0,1.0,1033.0
3.0,ESE,3.0,86.0,1.0,1033.0
3.0,ESE,3.0,86.0,1.0,1033.0
3.0,ESE,3.0,86.0,1.0,1033.0
3.0,ESE,3.0,86.0,1.0,1033.0
3.0,ESE,3.0,86.0,1.0,1033.0
3.0,ESE,3.0,86.0,1.0,1033.0
3.0,ESE,3.0,86.0,1.0,1033.0
3.0,ESE,3.0,86.0,1.0,1033.0
3.0,ESE,3.0,86.0,1.0,1033.0
3.0,ESE,3.0,86.0,1.0,1033.0
3.0,ESE,3.0,86.0,1.0,1033.0
3.0,ESE,3.0,86.0,1.0,1033.0
3.0,ESE,3.0,86.0,1.0,1033.0
3.0,ESE,3.0,86.0,1.0,1033.0
3.0,ESE,3.0,86.0,1.0,1033.0
3.0,ESE,3.0,86.0,1.0,1033.0
3.0,ESE,3.0,86.0,1.0,1033.0
3.0,ESE,3.0,86.0,1.0,1033.0
3.0,ESE,3.0,86.0,1.0,1033.0
3.0,ESE,3.0,86.0,1.0,1033.0
3.0,ESE,3.0,86.0,1.0,1033.0
3.0,ESE,3.0,85.0,1.0,1033.0
3.0,ESE,3.0,85.0,1.0,1033.0
3.0,ESE,3.0,85.0,1.0,1033.0
3.0,ESE,3.0,85.0,1.0,1033.0
3.0,ESE,3.0,85.0,1.0,1033.0
3.0,ESE,3.0,85.0,1.0,1033.0
3.0,ESE,3.0,85.0,1.0,1033.0
3.0,ESE,3.0,85.0,1.0,1033.0
3.0,ESE,3.0,85.0,1.0,1033.0
3.0,ESE,3.0,85.0,1.0,1033.0
3.0,ESE,3.0,85.0,1.0,1033.0
3.0,ESE,3.0,85.0,1.0,1033.0
3.0,ESE,3.0,85.0,1.0,1033.0
3.0,ESE,3.0,85.0,1.0,1033.0
3.0,ESE,3.0,85.0,1.0,1033.0
3.0,ESE,3.0,85.0,1.0,1033.0
3.0,ESE,3.0,85.0,1.0,1033.0
3.0,ESE,3.0,85.0,1.0,1033.0
3.0,ESE,3.0,85.0,1.0,1033.0
3.0,ESE,3.0,85.0,1.0,1033.0
3.0,ESE,3.0,85.0,1.0,1033.0
3.0,ESE,3.0,85.0,1.0,1033.0
3.0,ESE,3.0,85.0,1.0,1033.0
3.0,ESE,3.0,85.0,1.0,1033.0
3.0,ESE,3.0,85.0,1.0,1033.0
3.0,ESE,3.0,85.0,1.0,1033.0
3.0,ESE,3.0,85.0,1.0,1033.0
3.0,ESE,3.0,85.0,1.0,1033.0
3.0,ESE,3.0,85.0,1.0,1033.0
3.0,ESE,3.0,85.0,1.0,1033.0
3.0,ESE,3.0,85.0,1.0,1033.0
3.0,ESE,3.0,85.0,1.0,1033.0
3.0,ESE,3.0,85.0,1.0,1033.0
3.0,ESE,3.0,85.0,1.0,1033.0
3.0,ESE,3.0,85.0,1.0,1033.0
3.0,ESE,3.0,85.0,1.0,1033.0
3.0,ESE,3.0,85.0,1.0,1033.0
3.0,ESE,3.0,85.0,1.0,1033.0
3.0,ESE,3.0,85.0,1.0,1033.0
3.0,ESE,3.0,85.0,1.0,1033.0
3.0,ESE,3.0,85.0,1.0,1033.0
3.0,ESE,3.0,85.0,1.0,1033.0
3.0,ESE,3.0,85.0,1.0,1033.0
3.0,ESE,3.0,85.0,1.0,1033.0
3.0,ESE,3.0,85.0,1.0,1033.0
3.0,ESE,3.0,85.0,1.0,1033.0
3.0,ESE,3.0,85.0,1.0,1033.0
3.0,ESE,3.0,85.0,1.0,1033.0
3.0,ESE,3.0,85.0,1.0,1033.0
3.0,ESE,3.0,85.0,1.0,1033.0
3.0,ESE,3.0,85.0,1.0,1033.0
3.0,ESE,3.0,85.0,1.0,1033.0
3.0,ESE,3.0,85.0,1.0,1033.0
3.0,ESE,3.0,85.0,1.0,1033.0
3.0,ESE,3.0,85.0,1.0,1033.0
3.0,ESE,3.0,85.0,1.0,1033.0
3.0,ESE,3.0,85.0,1.0,1033.0
3.0,ESE,3.0,85.0,1.0,1033.0
3.0,ESE,3.0,85.0,1.0,1033.0
3.0,ESE,3.0,85.0,1.0,1033.0
3.0,ESE,3.0,85.0,1.0,1033.0
3.0,ESE,3.0,85.0,1.0,1033.0
3.0,ESE,3.0,85.0,1.0,1033.0
3.0,ESE,3.0,85.0,1.0,1033.0
3.0,ESE,3.0,85.0,1.0,1033.0
3.0,ESE,3.0,85.0,1.0,1033.0
3.0,ESE,3.0,85.0,1.0,1033.0
3.0,ESE,3.0,85.0,1.0,1033.0
3.0,ESE,3.0,85.0,1.0,1033.0
3.0,ESE,3.0,85.0,1.0,1033.0
3.0,ESE,3.0,85.0,1.0,1033.0
3.0,ESE,3.0,85.0,1.0,1033.0
3.0,ESE,3.0,85.0,1.0,1033.0
3.0,ESE,3.0,85.0,1.0,1033.0
3.0,ESE,3.0,85.0,1.0,1033.0
3.0,ESE,3.0,85.0,1.0,1033.0
3.0,ESE,3.0,85.0,1.0,1033.0
3.0,ESE,3.0,85.0,1.0,1033.0
4.0,SE,5.0,81.0,1.0,1033.0
4.0,SE,5.0,81.0,1.0,1033.0
4.0,SE,5.0,81.0,1.0,1033.0
4.0,SE,5.0,81.0,1.0,1033.0
4.0,SE,5.0,81.0,1.0,1033.0
4.0,SE,5.0,81.0,1.0,1033.0
4.0,SE,5.0,81.0,1.0,1033.0
4.0,SE,5.0,81.0,1.0,1033.0
4.0,SE,5.0,81.0,1.0,1033.0
4.0,SE,5.0,81.0,1.0,1033.0
4.0,SE,5.0,81.0,1.0,1033.0
4.0,SE,5.0,81.0,1.0,1033.0
4.0,SE,5.0,81.0,1.0,1033.0
4.0,SE,5.0,81.0,1.0,1033.0
4.0,SE,5.0,81.0,1.0,1033.0
4.0,SE,5.0,81.0,1.0,1033.0
4.0,SE,5.0,81.0,1.0,1033.0
4.0,SE,5.0,81.0,1.0,1033.0
4.0,SE,5.0,81.0,1.0,1033.0
4.0,SE,5.0,81.0,1.0,1033.0
4.0,SE,5.0,81.0,1.0,1033.0
4.0,SE,5.0,81.0,1.0,1033.0
4.0,SE,5.0,81.0,1.0,1033.0
4.0,SE,5.0,81.0,1.0,1033.0
4.0,SE,5.0,81.0,1.0,1033.0
4.0,SE,5.0,81.0,1.0,1033.0
4.0,SE,5.0,81.0,1.0,1033.0
4.0,SE,5.0,81.0,1.0,1033.0
4.0,SE,5.0,81.0,1.0,1033.0
4.0,SE,5.0,81.0,1.0,1033.0
4.0,SE,5.0,81.0,1.0,1033.0
3.0,SE,5.0,84.0,1.0,1033.0
3.0,SE,5.0,84.0,1.0,1033.0
3.0,SE,5.0,84.0,1.0,1033.0
3.0,SE,5.0,84.0,1.0,1033.0
3.0,SE,5.0,84.0,1.0,1033.0
3.0,SE,5.0,84.0,1.0,1033.0
3.0,SE,5.0,84.0,1.0,1033.0
3.0,SE,5.0,84.0,1.0,1033.0
3.0,SE,5.0,84.0,1.0,1033.0
3.0,SE,5.0,84.0,1.0,1033.0
3.0,SE,5.0,84.0,1.0,1033.0
3.0,SE,5.0,84.0,1.0,1033.0
3.0,SE,5.0,84.0,1.0,1033.0
3.0,SE,5.0,84.0,1.0,1033.0
3.0,SE,5.0,84.0,1.0,1033.0
3.0,SE,5.0,84.0,1.0,1033.0
3.0,SE,5.0,84.0,1.0,1033.0
3.0,SE,5.0,84.0,1.0,1033.0
3.0,SE,5.0,84.0,1.0,1033.0
3.0,SE,5.0,84.0,1.0,1033.0
3.0,SE,5.0,84.0,1.0,1033.0
3.0,SE,5.0,84.0,1.0,1033.0
3.0,SE,5.0,84.0,1.0,1033.0
3.0,SE,5.0,84.0,1.0,1033.0
3.0,SE,5.0,84.0,1.0,1033.0
3.0,SE,5.0,84.0,1.0,1033.0
3.0,SE,5.0,84.0,1.0,1033.0
3.0,SE,5.0,84.0,1.0,1033.0
3.0,SE,5.0,84.0,1.0,1033.0
3.0,SE,5.0,84.0,1.0,1033.0
3.0,SE,5.0,84.0,1.0,1033.0
3.0,SE,5.0,84.0,1.0,1033.0
3.0,SE,5.0,84.0,1.0,1033.0
3.0,SE,5.0,84.0,1.0,1033.0
3.0,SE,5.0,84.0,1.0,1033.0
3.0,SE,5.0,84.0,1.0,1033.0
3.0,SE,5.0,84.0,1.0,1033.0
3.0,SE,5.0,84.0,1.0,1033.0
3.0,SE,5.0,84.0,1.0,1033.0
3.0,SE,5.0,84.0,1.0,1033.0
3.0,SE,5.0,84.0,1.0,1033.0
3.0,SE,5.0,84.0,1.0,1033.0
3.0,SE,5.0,84.0,1.0,1033.0
3.0,SE,5.0,84.0,1.0,1033.0
3.0,SE,5.0,84.0,1.0,1033.0
3.0,SE,5.0,84.0,1.0,1033.0
3.0,SE,5.0,84.0,1.0,1033.0
3.0,SE,5.0,84.0,1.0,1033.0
3.0,SE,5.0,84.0,1.0,1033.0
3.0,SE,5.0,84.0,1.0,1033.0
3.0,SE,5.0,84.0,1.0,1033.0
3.0,SE,5.0,84.0,1.0,1033.0
3.0,SE,5.0,84.0,1.0,1033.0
3.0,SE,5.0,84.0,1.0,1033.0
3.0,SE,5.0,84.0,1.0,1033.0
3.0,SE,5.0,84.0,1.0,1033.0
3.0,SE,5.0,84.0,1.0,1033.0
3.0,SE,5.0,84.0,1.0,1033.0
3.0,SE,5.0,84.0,1.0,1033.0
3.0,SE,5.0,84.0,1.0,1033.0
3.0,SE,5.0,84.0,1.0,1033.0
3.0,SE,5.0,84.0,1.0,1033.0
3.0,SE,5.0,84.0,1.0,1033.0
3.0,SE,5.0,84.0,1.0,1033.0
3.0,SE,5.0,84.0,1.0,1033.0
3.0,SE,5.0,84.0,1.0,1033.0
3.0,SE,5.0,84.0,1.0,1033.0
3.0,SE,5.0,84.0,1.0,1033.0
3.0,SE,5.0,84.0,1.0,1033.0
3.0,SE,5.0,84.0,1.0,1033.0
3.0,SE,5.0,84.0,1.0,1033.0
3.0,SE,5.0,84.0,1.0,1033.0
3.0,SE,5.0,84.0,1.0,1033.0
3.0,SE,5.0,84.0,1.0,1033.0
3.0,SE,5.0,84.0,1.0,1033.0
3.0,SE,5.0,84.0,1.0,1033.0
3.0,SE,5.0,84.0,1.0,1033.0
3.0,SE,5.0,84.0,1.0,1033.0
3.0,SE,5.0,84.0,1.0,1033.0
3.0,SE,5.0,84.0,1.0,1033.0
3.0,SE,5.0,84.0,1.0,1033.0
3.0,SE,5.0,84.0,1.0,1033.0
3.0,SE,5.0,84.0,1.0,1033.0
3.0,SE,5.0,84.0,1.0,1033.0
3.0,SE,5.0,84.0,1.0,1033.0
3.0,SE,5.0,84.0,1.0,1033.0
3.0,SE,5.0,84.0,1.0,1033.0
3.0,SE,5.0,84.0,1.0,1033.0
3.0,SE,5.0,84.0,1.0,1033.0
3.0,SE,5.0,84.0,1.0,1033.0
3.0,SE,5.0,84.0,1.0,1033.0
3.0,SE,5.0,84.0,1.0,1033.0
3.0,SE,5.0,84.0,1.0,1033.0
3.0,SE,5.0,84.0,1.0,1033.0
3.0,SE,5.0,84.0,1.0,1033.0
3.0,SE,5.0,84.0,1.0,1033.0
3.0,SE,5.0,84.0,1.0,1033.0
3.0,SE,5.0,84.0,1.0,1033.0
3.0,SE,5.0,84.0,1.0,1033.0
3.0,SE,5.0,84.0,1.0,1033.0
3.0,SE,5.0,84.0,1.0,1033.0
3.0,SE,5.0,84.0,1.0,1033.0
3.0,SE,5.0,84.0,1.0,1033.0
3.0,SE,5.0,84.0,1.0,1033.0
3.0,SE,5.0,84.0,1.0,1033.0
3.0,SE,5.0,84.0,1.0,1033.0
3.0,SE,5.0,84.0,1.0,1033.0
3.0,SE,5.0,84.0,1.0,1033.0
3.0,SE,5.0,84.0,1.0,1033.0
3.0,SE,5.0,84.0,1.0,1033.0
3.0,SE,5.0,84.0,1.0,1033.0
3.0,SE,5.0,84.0,1.0,1033.0
3.0,SE,5.0,84.0,1.0,1033.0
3.0,SE,5.0,84.0,1.0,1033.0
3.0,SE,5.0,84.0,1.0,1033.0
3.0,SE,5.0,84.0,1.0,1033.0
3.0,SE,5.0,84.0,1.0,1033.0
3.0,SE,5.0,84.0,1.0,1033.0
3.0,SE,5.0,84.0,1.0,1033.0
3.0,SE,5.0,84.0,1.0,1033.0
3.0,SE,5.0,84.0,1.0,1033.0
3.0,SE,5.0,84.0,1.0,1033.0
3.0,SE,5.0,84.0,1.0,1033.0
3.0,SE,5.0,84.0,1.0,1033.0
3.0,SE,5.0,84.0,1.0,1033.0
3.0,SE,5.0,84.0,1.0,1033.0
3.0,SE,5.0,84.0,1.0,1033.0
3.0,SE,5.0,84.0,1.0,1033.0
3.0,SE,5.0,84.0,1.0,1033.0
3.0,SE,5.0,84.0,1.0,1033.0
3.0,SE,5.0,84.0,1.0,1033.0
3.0,SE,5.0,84.0,1.0,1033.0
3.0,SE,5.0,84.0,1.0,1033.0
3.0,SE,5.0,84.0,1.0,1033.0
3.0,SE,5.0,84.0,1.0,1033.0
3.0,SE,5.0,84.0,1.0,1033.0
3.0,SE,5.0,84.0,1.0,1033.0
3.0,SE,5.0,84.0,1.0,1033.0
3.0,SE,5.0,84.0,1.0,1033.0
3.0,SE,5.0,84.0,1.0,1033.0
3.0,SE,5.0,84.0,1.0,1033.0
3.0,SE,5.0,84.0,1.0,1033.0
3.0,SE,5.0,84.0,1.0,1033.0
3.0,SE,5.0,84.0,1.0,1033.0
3.0,SE,5.0,84.0,1.0,1033.0
3.0,SE,5.0,84.0,1.0,1033.0
3.0,SE,5.0,84.0,1.0,1033.0
3.0,SE,5.0,84.0,1.0,1033.0
3.0,SE,5.0,84.0,1.0,1033.0
3.0,SE,5.0,84.0,1.0,1033.0
3.0,SE,5.0,84.0,1.0,1033.0
2.0,SE,4.0,95.0,1.0,1034.0
2.0,SE,4.0,95.0,1.0,1034.0
2.0,SE,4.0,95.0,1.0,1034.0
2.0,SE,4.0,95.0,1.0,1034.0
2.0,SE,4.0,95.0,1.0,1034.0
2.0,SE,4.0,95.0,1.0,1034.0
2.0,SE,4.0,95.0,1.0,1034.0
2.0,SE,4.0,95.0,1.0,1034.0
2.0,SE,4.0,95.0,1.0,1034.0
2.0,SE,4.0,95.0,1.0,1034.0
2.0,SE,4.0,95.0,1.0,1034.0
2.0,SE,4.0,95.0,1.0,1034.0
2.0,SE,4.0,95.0,1.0,1034.0
2.0,SE,4.0,95.0,1.0,1034.0
2.0,SE,4.0,95.0,1.0,1034.0
2.0,SE,4.0,95.0,1.0,1034.0
2.0,SE,4.0,95.0,1.0,1034.0
2.0,SE,4.0,95.0,1.0,1034.0
2.0,SE,4.0,95.0,1.0,1034.0
2.0,SE,4.0,95.0,1.0,1034.0
2.0,SE,4.0,95.0,1.0,1034.0
2.0,SE,4.0,95.0,1.0,1034.0
2.0,SE,4.0,95.0,1.0,1034.0
2.0,SE,4.0,95.0,1.0,1034.0
2.0,SE,4.0,95.0,1.0,1034.0
2.0,SE,4.0,95.0,1.0,1034.0
2.0,SE,4.0,95.0,1.0,1034.0
2.0,SE,4.0,95.0,1.0,1034.0
2.0,SE,4.0,95.0,1.0,1034.0
2.0,SE,4.0,95.0,1.0,1034.0
2.0,SE,4.0,95.0,1.0,1034.0
2.0,SE,4.0,95.0,1.0,1034.0
2.0,SE,4.0,95.0,1.0,1034.0
2.0,SE,4.0,95.0,1.0,1034.0
2.0,SE,4.0,95.0,1.0,1034.0
2.0,SE,4.0,95.0,1.0,1034.0
2.0,SE,4.0,95.0,1.0,1034.0
2.0,SE,4.0,95.0,1.0,1034.0
2.0,SE,4.0,95.0,1.0,1034.0
2.0,SE,4.0,95.0,1.0,1034.0
2.0,SE,4.0,95.0,1.0,1034.0
2.0,SE,4.0,95.0,1.0,1034.0
2.0,SE,4.0,95.0,1.0,1034.0
2.0,SE,4.0,95.0,1.0,1034.0
2.0,SE,4.0,95.0,1.0,1034.0
2.0,SE,4.0,95.0,1.0,1034.0
2.0,SE,4.0,95.0,1.0,1034.0
2.0,SE,4.0,95.0,1.0,1034.0
2.0,SE,4.0,95.0,1.0,1034.0
2.0,SE,4.0,95.0,1.0,1034.0
2.0,SE,4.0,95.0,1.0,1034.0
2.0,SE,4.0,95.0,1.0,1034.0
2.0,SE,4.0,95.0,1.0,1034.0
2.0,SE,4.0,95.0,1.0,1034.0
2.0,SE,4.0,95.0,1.0,1034.0
2.0,SE,4.0,95.0,1.0,1034.0
2.0,SE,4.0,95.0,1.0,1034.0
2.0,SE,4.0,95.0,1.0,1034.0
2.0,SE,4.0,95.0,1.0,1034.0
2.0,SE,4.0,95.0,1.0,1034.0
2.0,SE,4.0,95.0,1.0,1034.0
2.0,SE,4.0,95.0,1.0,1034.0
2.0,SE,4.0,95.0,1.0,1034.0
2.0,SE,4.0,95.0,1.0,1034.0
2.0,SE,4.0,95.0,1.0,1034.0
2.0,SE,4.0,95.0,1.0,1034.0
2.0,SE,4.0,95.0,1.0,1034.0
2.0,SE,4.0,95.0,1.0,1034.0
2.0,SE,4.0,95.0,1.0,1034.0
2.0,WSW,7.0,86.0,0.0,1034.0
2.0,WSW,7.0,86.0,0.0,1034.0
2.0,WSW,7.0,86.0,0.0,1034.0
2.0,WSW,7.0,86.0,0.0,1034.0
2.0,WSW,7.0,86.0,0.0,1034.0
2.0,WSW,7.0,86.0,0.0,1034.0
2.0,WSW,7.0,86.0,0.0,1034.0
2.0,WSW,7.0,86.0,0.0,1034.0
2.0,WSW,7.0,86.0,0.0,1034.0
2.0,WSW,7.0,86.0,0.0,1034.0
2.0,WSW,7.0,86.0,0.0,1034.0
2.0,WSW,7.0,86.0,0.0,1034.0
2.0,WSW,7.0,86.0,0.0,1034.0
2.0,WSW,7.0,86.0,0.0,1034.0
2.0,WSW,7.0,86.0,0.0,1034.0
2.0,WSW,7.0,86.0,0.0,1034.0
2.0,WSW,7.0,86.0,0.0,1034.0
2.0,WSW,7.0,86.0,0.0,1034.0
2.0,WSW,7.0,86.0,0.0,1034.0
2.0,WSW,7.0,86.0,0.0,1034.0
2.0,WSW,7.0,86.0,0.0,1034.0
2.0,WSW,7.0,86.0,0.0,1034.0
2.0,WSW,7.0,86.0,0.0,1034.0
2.0,WSW,7.0,86.0,0.0,1034.0
2.0,WSW,7.0,86.0,0.0,1034.0
2.0,WSW,7.0,86.0,0.0,1034.0
2.0,WSW,7.0,86.0,0.0,1034.0
2.0,WSW,7.0,86.0,0.0,1034.0
2.0,WSW,7.0,86.0,0.0,1034.0
2.0,WSW,7.0,86.0,0.0,1034.0
2.0,WSW,7.0,86.0,0.0,1034.0
2.0,WSW,7.0,86.0,0.0,1034.0
2.0,WSW,7.0,86.0,0.0,1034.0
2.0,WSW,7.0,86.0,0.0,1034.0
2.0,WSW,7.0,86.0,0.0,1034.0
2.0,WSW,7.0,86.0,0.0,1034.0
2.0,WSW,7.0,86.0,0.0,1034.0
2.0,WSW,7.0,86.0,0.0,1034.0
2.0,WSW,7.0,86.0,0.0,1034.0
2.0,WSW,7.0,86.0,0.0,1034.0
2.0,WSW,7.0,86.0,0.0,1034.0
2.0,WSW,7.0,86.0,0.0,1034.0
2.0,WSW,7.0,86.0,0.0,1034.0
2.0,WSW,7.0,86.0,0.0,1034.0
2.0,WSW,7.0,86.0,0.0,1034.0
2.0,WSW,7.0,86.0,0.0,1034.0
2.0,WSW,7.0,86.0,0.0,1034.0
2.0,WSW,7.0,86.0,0.0,1034.0
2.0,WSW,7.0,86.0,0.0,1034.0
2.0,WSW,7.0,86.0,0.0,1034.0
2.0,WSW,7.0,86.0,0.0,1034.0
2.0,WSW,7.0,86.0,0.0,1034.0
2.0,WSW,7.0,86.0,0.0,1034.0
2.0,WSW,7.0,86.0,0.0,1034.0
2.0,WSW,7.0,86.0,0.0,1034.0
2.0,WSW,7.0,86.0,0.0,1034.0
2.0,WSW,7.0,86.0,0.0,1034.0
2.0,WSW,7.0,86.0,0.0,1034.0
2.0,WSW,7.0,86.0,0.0,1034.0
2.0,WSW,7.0,86.0,0.0,1034.0
2.0,WSW,7.0,86.0,0.0,1034.0
2.0,WSW,7.0,86.0,0.0,1034.0
2.0,WSW,7.0,86.0,0.0,1034.0
2.0,WSW,7.0,86.0,0.0,1034.0
2.0,WSW,7.0,86.0,0.0,1034.0
2.0,WSW,7.0,86.0,0.0,1034.0
2.0,WSW,7.0,86.0,0.0,1034.0
2.0,WSW,7.0,86.0,0.0,1034.0
2.0,WSW,7.0,86.0,0.0,1034.0
2.0,WSW,7.0,86.0,0.0,1034.0
2.0,WSW,7.0,86.0,0.0,1034.0
2.0,WSW,7.0,86.0,0.0,1034.0
2.0,WSW,7.0,86.0,0.0,1034.0
2.0,WSW,7.0,86.0,0.0,1034.0
2.0,WSW,7.0,86.0,0.0,1034.0
2.0,WSW,7.0,86.0,0.0,1034.0
2.0,WSW,7.0,86.0,0.0,1034.0
2.0,WSW,7.0,86.0,0.0,1034.0
2.0,WSW,7.0,86.0,0.0,1034.0
2.0,WSW,7.0,86.0,0.0,1034.0
2.0,WSW,7.0,86.0,0.0,1034.0
2.0,WSW,7.0,86.0,0.0,1034.0
2.0,WSW,7.0,86.0,0.0,1034.0
2.0,WSW,7.0,86.0,0.0,1034.0
2.0,WSW,7.0,86.0,0.0,1034.0
2.0,WSW,7.0,86.0,0.0,1034.0
2.0,WSW,7.0,86.0,0.0,1034.0
2.0,WSW,7.0,86.0,0.0,1034.0
2.0,WSW,7.0,86.0,0.0,1034.0
2.0,WSW,7.0,86.0,0.0,1034.0
2.0,WSW,7.0,86.0,0.0,1034.0
2.0,WSW,7.0,86.0,0.0,1034.0
2.0,WSW,7.0,86.0,0.0,1034.0
2.0,WSW,7.0,86.0,0.0,1034.0
2.0,WSW,7.0,86.0,0.0,1034.0
2.0,WSW,7.0,86.0,0.0,1034.0
2.0,WSW,7.0,86.0,0.0,1034.0
2.0,WSW,7.0,86.0,0.0,1034.0
2.0,WSW,7.0,86.0,0.0,1034.0
2.0,WSW,7.0,86.0,0.0,1034.0
2.0,WSW,7.0,86.0,0.0,1034.0
2.0,WSW,7.0,86.0,0.0,1034.0
2.0,WSW,7.0,86.0,0.0,1034.0
2.0,WSW,7.0,86.0,0.0,1034.0
2.0,WSW,7.0,86.0,0.0,1034.0
2.0,WSW,7.0,86.0,0.0,1034.0
2.0,WSW,7.0,86.0,0.0,1034.0
2.0,WSW,7.0,86.0,0.0,1034.0
2.0,WSW,7.0,86.0,0.0,1034.0
2.0,WSW,7.0,86.0,0.0,1034.0
2.0,WSW,7.0,86.0,0.0,1034.0
2.0,WSW,7.0,86.0,0.0,1034.0
2.0,WSW,7.0,86.0,0.0,1034.0
2.0,WSW,7.0,86.0,0.0,1034.0
2.0,WSW,7.0,86.0,0.0,1034.0
2.0,WSW,7.0,86.0,0.0,1034.0
2.0,WSW,7.0,86.0,0.0,1034.0
2.0,WSW,7.0,86.0,0.0,1034.0
2.0,WSW,7.0,86.0,0.0,1034.0
2.0,WSW,7.0,86.0,0.0,1034.0
2.0,WSW,7.0,86.0,0.0,1034.0
2.0,WSW,7.0,86.0,0.0,1034.0
2.0,WSW,7.0,86.0,0.0,1034.0
2.0,WSW,7.0,86.0,0.0,1034.0
2.0,WSW,7.0,86.0,0.0,1034.0
2.0,WSW,7.0,86.0,0.0,1034.0
2.0,WSW,7.0,86.0,0.0,1034.0
2.0,WSW,7.0,86.0,0.0,1034.0
2.0,WSW,7.0,86.0,0.0,1034.0
2.0,WSW,7.0,86.0,0.0,1034.0
2.0,WSW,7.0,86.0,0.0,1034.0
2.0,WSW,7.0,86.0,0.0,1034.0
2.0,WSW,7.0,86.0,0.0,1034.0
2.0,WSW,7.0,86.0,0.0,1034.0
2.0,WSW,7.0,86.0,0.0,1034.0
2.0,WSW,7.0,86.0,0.0,1034.0
2.0,WSW,7.0,86.0,0.0,1034.0
2.0,WSW,7.0,86.0,0.0,1034.0
2.0,WSW,7.0,86.0,0.0,1034.0
2.0,WSW,7.0,86.0,0.0,1034.0
2.0,WSW,7.0,86.0,0.0,1034.0
2.0,WSW,7.0,86.0,0.0,1034.0
2.0,WSW,7.0,86.0,0.0,1034.0
2.0,WSW,7.0,86.0,0.0,1034.0
2.0,WSW,7.0,86.0,0.0,1034.0
2.0,WSW,7.0,86.0,0.0,1034.0
2.0,WSW,7.0,86.0,0.0,1034.0
2.0,WSW,7.0,86.0,0.0,1034.0
2.0,WSW,7.0,86.0,0.0,1034.0
2.0,WSW,7.0,86.0,0.0,1034.0
2.0,WSW,7.0,86.0,0.0,1034.0
2.0,WSW,7.0,86.0,0.0,1034.0
2.0,WSW,7.0,86.0,0.0,1034.0
2.0,WSW,7.0,86.0,0.0,1034.0
2.0,WSW,7.0,86.0,0.0,1034.0
2.0,WSW,7.0,86.0,0.0,1034.0
2.0,WSW,7.0,86.0,0.0,1034.0
2.0,WSW,7.0,86.0,0.0,1034.0
2.0,WSW,7.0,86.0,0.0,1034.0
2.0,WSW,7.0,86.0,0.0,1034.0
2.0,WSW,7.0,86.0,0.0,1034.0
2.0,WSW,7.0,86.0,0.0,1034.0
2.0,WSW,7.0,86.0,0.0,1034.0
2.0,WSW,7.0,86.0,0.0,1034.0
2.0,WSW,7.0,86.0,0.0,1034.0
2.0,WSW,7.0,86.0,0.0,1034.0
2.0,WSW,7.0,86.0,0.0,1034.0
2.0,WSW,7.0,86.0,0.0,1034.0
2.0,WSW,7.0,86.0,0.0,1034.0
2.0,WSW,7.0,86.0,0.0,1034.0
2.0,WSW,7.0,86.0,0.0,1034.0
2.0,WSW,7.0,86.0,0.0,1034.0
2.0,WSW,7.0,86.0,0.0,1034.0
2.0,WSW,7.0,86.0,0.0,1034.0
2.0,WSW,7.0,86.0,0.0,1034.0
2.0,WSW,7.0,86.0,0.0,1034.0
2.0,WSW,7.0,86.0,0.0,1034.0
2.0,WSW,7.0,86.0,0.0,1034.0
2.0,WSW,7.0,86.0,0.0,1034.0
2.0,WSW,7.0,86.0,0.0,1034.0
2.0,WSW,7.0,86.0,0.0,1034.0
2.0,WSW,7.0,86.0,0.0,1034.0
2.0,WSW,7.0,86.0,0.0,1034.0
2.0,WSW,7.0,86.0,0.0,1034.0
2.0,WSW,7.0,86.0,0.0,1034.0
2.0,WSW,7.0,86.0,0.0,1034.0
2.0,WSW,7.0,86.0,0.0,1034.0
2.0,WSW,7.0,86.0,0.0,1034.0
2.0,WSW,7.0,86.0,0.0,1034.0
2.0,WSW,7.0,86.0,0.0,1034.0
2.0,WSW,7.0,86.0,0.0,1034.0
2.0,WSW,7.0,86.0,0.0,1034.0
2.0,WSW,7.0,86.0,0.0,1034.0
2.0,WSW,7.0,86.0,0.0,1034.0
2.0,WSW,7.0,86.0,0.0,1034.0
2.0,WSW,7.0,86.0,0.0,1034.0
2.0,WSW,7.0,86.0,0.0,1034.0
2.0,WSW,7.0,86.0,0.0,1034.0
2.0,WSW,7.0,86.0,0.0,1034.0
2.0,WSW,7.0,86.0,0.0,1034.0
2.0,WSW,7.0,86.0,0.0,1034.0
2.0,WSW,7.0,86.0,0.0,1034.0
2.0,WSW,7.0,86.0,0.0,1034.0
2.0,WSW,7.0,86.0,0.0,1034.0
2.0,WSW,7.0,86.0,0.0,1034.0
2.0,WSW,7.0,86.0,0.0,1034.0
2.0,WSW,7.0,86.0,0.0,1034.0
2.0,WSW,7.0,86.0,0.0,1034.0
2.0,WSW,7.0,86.0,0.0,1034.0
2.0,WSW,7.0,86.0,0.0,1034.0
2.0,WSW,7.0,86.0,0.0,1034.0
2.0,WSW,7.0,86.0,0.0,1034.0
2.0,WSW,7.0,86.0,0.0,1034.0
2.0,WSW,7.0,86.0,0.0,1034.0
2.0,WSW,7.0,86.0,0.0,1034.0
2.0,WSW,7.0,86.0,0.0,1034.0
2.0,WSW,7.0,86.0,0.0,1034.0
2.0,WSW,7.0,86.0,0.0,1034.0
2.0,WSW,7.0,86.0,0.0,1034.0
2.0,WSW,7.0,86.0,0.0,1034.0
2.0,WSW,7.0,86.0,0.0,1034.0
2.0,WSW,7.0,86.0,0.0,1034.0
2.0,WSW,7.0,86.0,0.0,1034.0
2.0,WSW,7.0,86.0,0.0,1034.0
2.0,WSW,7.0,86.0,0.0,1034.0
2.0,WSW,7.0,86.0,0.0,1034.0
2.0,WSW,7.0,86.0,0.0,1034.0
2.0,WSW,7.0,86.0,0.0,1034.0
2.0,WSW,7.0,86.0,0.0,1034.0
2.0,WSW,7.0,86.0,0.0,1034.0
2.0,WSW,7.0,86.0,0.0,1034.0
2.0,WSW,7.0,86.0,0.0,1034.0
2.0,WSW,7.0,86.0,0.0,1034.0
2.0,WSW,7.0,86.0,0.0,1034.0
2.0,WSW,7.0,86.0,0.0,1034.0
2.0,WSW,7.0,86.0,0.0,1034.0
2.0,WSW,7.0,86.0,0.0,1034.0
2.0,WSW,7.0,86.0,0.0,1034.0
2.0,WSW,7.0,86.0,0.0,1034.0
2.0,WSW,7.0,86.0,0.0,1034.0
2.0,WSW,7.0,86.0,0.0,1034.0
2.0,WSW,7.0,86.0,0.0,1034.0
2.0,WSW,7.0,86.0,0.0,1034.0
2.0,WSW,7.0,86.0,0.0,1034.0
2.0,WSW,7.0,86.0,0.0,1034.0
2.0,WSW,7.0,86.0,0.0,1034.0
2.0,WSW,7.0,86.0,0.0,1034.0
2.0,WSW,7.0,86.0,0.0,1034.0
2.0,WSW,7.0,86.0,0.0,1034.0
2.0,WSW,7.0,86.0,0.0,1034.0
2.0,WSW,7.0,86.0,0.0,1034.0
2.0,WSW,7.0,86.0,0.0,1034.0
2.0,WSW,7.0,86.0,0.0,1034.0
2.0,WSW,7.0,86.0,0.0,1034.0
2.0,WSW,7.0,86.0,0.0,1034.0
2.0,WSW,7.0,86.0,0.0,1034.0
2.0,WSW,7.0,86.0,0.0,1034.0
2.0,WSW,7.0,86.0,0.0,1034.0
2.0,WSW,7.0,86.0,0.0,1034.0
2.0,WSW,7.0,86.0,0.0,1034.0
2.0,WSW,7.0,86.0,0.0,1034.0
2.0,WSW,7.0,86.0,0.0,1034.0
2.0,WSW,7.0,86.0,0.0,1034.0
2.0,WSW,7.0,86.0,0.0,1034.0
2.0,WSW,7.0,86.0,0.0,1034.0
2.0,WSW,7.0,86.0,0.0,1034.0
2.0,WSW,7.0,86.0,0.0,1034.0
2.0,WSW,7.0,86.0,0.0,1034.0
2.0,WSW,7.0,86.0,0.0,1034.0
2.0,WSW,7.0,86.0,0.0,1034.0
2.0,WSW,7.0,86.0,0.0,1034.0
2.0,WSW,7.0,86.0,0.0,1034.0
2.0,WSW,7.0,86.0,0.0,1034.0
2.0,WSW,7.0,86.0,0.0,1034.0
2.0,WSW,7.0,86.0,0.0,1034.0
2.0,WSW,7.0,86.0,0.0,1034.0
2.0,WSW,7.0,86.0,0.0,1034.0
2.0,WSW,7.0,86.0,0.0,1034.0
2.0,WSW,7.0,86.0,0.0,1034.0
2.0,WSW,7.0,86.0,0.0,1034.0
2.0,WSW,7.0,86.0,0.0,1034.0
2.0,WSW,7.0,86.0,0.0,1034.0
2.0,WSW,7.0,86.0,0.0,1034.0
2.0,WSW,7.0,86.0,0.0,1034.0
2.0,WSW,7.0,86.0,0.0,1034.0
2.0,WSW,7.0,86.0,0.0,1034.0
2.0,WSW,7.0,86.0,0.0,1034.0
2.0,WSW,7.0,86.0,0.0,1034.0
2.0,WSW,7.0,86.0,0.0,1034.0
2.0,WSW,7.0,86.0,0.0,1034.0
2.0,WSW,7.0,86.0,0.0,1034.0
2.0,WSW,7.0,86.0,0.0,1034.0
2.0,WSW,7.0,86.0,0.0,1034.0
2.0,WSW,7.0,86.0,0.0,1034.0
2.0,WSW,7.0,86.0,0.0,1034.0
2.0,WSW,7.0,86.0,0.0,1034.0
2.0,WSW,7.0,86.0,0.0,1034.0
2.0,WSW,7.0,86.0,0.0,1034.0
2.0,WSW,7.0,86.0,0.0,1034.0
2.0,WSW,7.0,86.0,0.0,1034.0
2.0,WSW,7.0,86.0,0.0,1034.0
2.0,WSW,7.0,86.0,0.0,1034.0
2.0,WSW,7.0,86.0,0.0,1034.0
2.0,WSW,7.0,86.0,0.0,1034.0
2.0,WSW,7.0,86.0,0.0,1034.0
2.0,WSW,7.0,86.0,0.0,1034.0
2.0,WSW,7.0,86.0,0.0,1034.0
2.0,WSW,7.0,86.0,0.0,1034.0
2.0,WSW,7.0,86.0,0.0,1034.0
2.0,WSW,7.0,86.0,0.0,1034.0
2.0,WSW,7.0,86.0,0.0,1034.0
2.0,WSW,7.0,86.0,0.0,1034.0
2.0,WSW,7.0,86.0,0.0,1034.0
2.0,WSW,7.0,86.0,0.0,1034.0
2.0,WSW,7.0,86.0,0.0,1034.0
3.0,WSW,7.0,80.0,0.0,1034.0
3.0,WSW,7.0,80.0,0.0,1034.0
3.0,WSW,7.0,80.0,0.0,1034.0
3.0,WSW,7.0,80.0,0.0,1034.0
3.0,WSW,7.0,80.0,0.0,1034.0
3.0,WSW,7.0,80.0,0.0,1034.0
3.0,WSW,7.0,80.0,0.0,1034.0
3.0,WSW,7.0,80.0,0.0,1034.0
3.0,WSW,7.0,80.0,0.0,1034.0
3.0,WSW,7.0,80.0,0.0,1034.0
3.0,WSW,7.0,80.0,0.0,1034.0
3.0,WSW,7.0,80.0,0.0,1034.0
3.0,WSW,7.0,80.0,0.0,1034.0
3.0,WSW,7.0,80.0,0.0,1034.0
3.0,WSW,7.0,80.0,0.0,1034.0
3.0,WSW,7.0,80.0,0.0,1034.0
3.0,WSW,7.0,80.0,0.0,1034.0
3.0,WSW,7.0,80.0,0.0,1034.0
3.0,WSW,7.0,80.0,0.0,1034.0
3.0,WSW,7.0,80.0,0.0,1034.0
3.0,WSW,7.0,80.0,0.0,1034.0
3.0,WSW,7.0,80.0,0.0,1034.0
3.0,WSW,7.0,80.0,0.0,1034.0
3.0,WSW,7.0,80.0,0.0,1034.0
3.0,WSW,7.0,80.0,0.0,1034.0
3.0,WSW,7.0,80.0,0.0,1034.0
3.0,WSW,7.0,80.0,0.0,1034.0
3.0,WSW,7.0,80.0,0.0,1034.0
3.0,WSW,7.0,80.0,0.0,1034.0
3.0,WSW,7.0,80.0,0.0,1034.0
3.0,WSW,7.0,80.0,0.0,1034.0
3.0,WSW,7.0,80.0,0.0,1034.0
3.0,WSW,7.0,80.0,0.0,1034.0
3.0,WSW,7.0,80.0,0.0,1034.0
3.0,WSW,7.0,80.0,0.0,1034.0
3.0,WSW,7.0,80.0,0.0,1034.0
3.0,WSW,7.0,80.0,0.0,1034.0
3.0,WSW,7.0,80.0,0.0,1034.0
3.0,WSW,7.0,80.0,0.0,1034.0
3.0,WSW,7.0,80.0,0.0,1034.0
3.0,WSW,7.0,80.0,0.0,1034.0
3.0,WSW,7.0,80.0,0.0,1034.0
3.0,WSW,7.0,80.0,0.0,1034.0
3.0,WSW,7.0,80.0,0.0,1034.0
3.0,WSW,7.0,80.0,0.0,1034.0
3.0,WSW,7.0,80.0,0.0,1034.0
3.0,WSW,7.0,80.0,0.0,1034.0
3.0,WSW,7.0,80.0,0.0,1034.0
3.0,WSW,7.0,80.0,0.0,1034.0
3.0,WSW,7.0,80.0,0.0,1034.0
3.0,WSW,7.0,80.0,0.0,1034.0
3.0,WSW,7.0,80.0,0.0,1034.0
3.0,WSW,7.0,80.0,0.0,1034.0
3.0,WSW,7.0,80.0,0.0,1034.0
3.0,WSW,7.0,80.0,0.0,1034.0
3.0,WSW,7.0,80.0,0.0,1034.0
3.0,WSW,7.0,80.0,0.0,1034.0
3.0,WSW,7.0,80.0,0.0,1034.0
3.0,WSW,7.0,80.0,0.0,1034.0
3.0,WSW,7.0,80.0,0.0,1034.0
3.0,WSW,7.0,80.0,0.0,1034.0
3.0,WSW,7.0,80.0,0.0,1034.0
3.0,WSW,7.0,80.0,0.0,1034.0
3.0,WSW,7.0,80.0,0.0,1034.0
3.0,WSW,7.0,80.0,0.0,1034.0
3.0,WSW,7.0,80.0,0.0,1034.0
3.0,WSW,7.0,80.0,0.0,1034.0
3.0,WSW,7.0,80.0,0.0,1034.0
3.0,WSW,7.0,80.0,0.0,1034.0
3.0,WSW,7.0,80.0,0.0,1034.0
3.0,WSW,7.0,80.0,0.0,1034.0
3.0,WSW,7.0,80.0,0.0,1034.0
3.0,WSW,7.0,80.0,0.0,1034.0
3.0,WSW,7.0,80.0,0.0,1034.0
3.0,WSW,7.0,80.0,0.0,1034.0
3.0,WSW,7.0,80.0,0.0,1034.0
3.0,WSW,7.0,80.0,0.0,1034.0
3.0,WSW,7.0,80.0,0.0,1034.0
3.0,WSW,7.0,80.0,0.0,1034.0
3.0,WSW,7.0,80.0,0.0,1034.0
3.0,WSW,7.0,80.0,0.0,1034.0
3.0,WSW,7.0,80.0,0.0,1034.0
3.0,WSW,7.0,80.0,0.0,1034.0
3.0,WSW,7.0,80.0,0.0,1034.0
3.0,WSW,7.0,80.0,0.0,1034.0
3.0,WSW,7.0,80.0,0.0,1034.0
3.0,WSW,7.0,80.0,0.0,1034.0
3.0,WSW,7.0,80.0,0.0,1034.0
3.0,WSW,7.0,80.0,0.0,1034.0
3.0,WSW,7.0,80.0,0.0,1034.0
3.0,WSW,7.0,80.0,0.0,1034.0
3.0,WSW,7.0,80.0,0.0,1034.0
3.0,WSW,7.0,80.0,0.0,1034.0
3.0,WSW,7.0,80.0,0.0,1034.0
3.0,WSW,7.0,80.0,0.0,1034.0
3.0,WSW,7.0,80.0,0.0,1034.0
3.0,WSW,7.0,80.0,0.0,1034.0
3.0,WSW,7.0,80.0,0.0,1034.0
3.0,WSW,7.0,80.0,0.0,1034.0
3.0,WSW,7.0,80.0,0.0,1034.0
3.0,WSW,7.0,80.0,0.0,1034.0
3.0,WSW,7.0,80.0,0.0,1034.0
3.0,WSW,7.0,80.0,0.0,1034.0
3.0,WSW,7.0,80.0,0.0,1034.0
3.0,WSW,7.0,80.0,0.0,1034.0
3.0,WSW,7.0,80.0,0.0,1034.0
3.0,WSW,7.0,80.0,0.0,1034.0
3.0,WSW,7.0,80.0,0.0,1034.0
3.0,WSW,7.0,80.0,0.0,1034.0
3.0,WSW,7.0,80.0,0.0,1034.0
3.0,WSW,7.0,80.0,0.0,1034.0
3.0,WSW,7.0,80.0,0.0,1034.0
3.0,WSW,7.0,80.0,0.0,1034.0
3.0,WSW,7.0,80.0,0.0,1034.0
3.0,WSW,7.0,80.0,0.0,1034.0
3.0,WSW,7.0,80.0,0.0,1034.0
3.0,WSW,7.0,80.0,0.0,1034.0
3.0,WSW,7.0,80.0,0.0,1034.0
3.0,WSW,7.0,80.0,0.0,1034.0
3.0,WSW,7.0,80.0,0.0,1034.0
3.0,WSW,7.0,80.0,0.0,1034.0
3.0,WSW,7.0,80.0,0.0,1034.0
3.0,WSW,7.0,80.0,0.0,1034.0
3.0,WSW,7.0,80.0,0.0,1034.0
3.0,WSW,7.0,80.0,0.0,1034.0
3.0,WSW,7.0,80.0,0.0,1034.0
3.0,WSW,7.0,80.0,0.0,1034.0
3.0,WSW,7.0,80.0,0.0,1034.0
3.0,WSW,7.0,80.0,0.0,1034.0
3.0,WSW,7.0,80.0,0.0,1034.0
3.0,WSW,7.0,80.0,0.0,1034.0
3.0,WSW,7.0,80.0,0.0,1034.0
3.0,WSW,7.0,80.0,0.0,1034.0
3.0,WSW,7.0,80.0,0.0,1034.0
3.0,WSW,7.0,80.0,0.0,1034.0
3.0,WSW,7.0,80.0,0.0,1034.0
3.0,WSW,7.0,80.0,0.0,1034.0
3.0,WSW,7.0,80.0,0.0,1034.0
3.0,WSW,7.0,80.0,0.0,1034.0
3.0,WSW,7.0,80.0,0.0,1034.0
3.0,WSW,7.0,80.0,0.0,1034.0
3.0,WSW,7.0,80.0,0.0,1034.0
3.0,WSW,7.0,80.0,0.0,1034.0
3.0,WSW,7.0,80.0,0.0,1034.0
3.0,WSW,7.0,80.0,0.0,1034.0
3.0,WSW,7.0,80.0,0.0,1034.0
3.0,WSW,7.0,80.0,0.0,1034.0
3.0,WSW,7.0,80.0,0.0,1034.0
3.0,WSW,7.0,80.0,0.0,1034.0
3.0,WSW,7.0,80.0,0.0,1034.0
3.0,WSW,7.0,80.0,0.0,1034.0
3.0,WSW,7.0,80.0,0.0,1034.0
3.0,WSW,7.0,80.0,0.0,1034.0
3.0,WSW,7.0,80.0,0.0,1034.0
3.0,WSW,7.0,80.0,0.0,1034.0
3.0,WSW,7.0,80.0,0.0,1034.0
3.0,WSW,7.0,80.0,0.0,1034.0
3.0,WSW,7.0,80.0,0.0,1034.0
3.0,WSW,7.0,80.0,0.0,1034.0
3.0,WSW,7.0,80.0,0.0,1034.0
3.0,WSW,7.0,80.0,0.0,1034.0
3.0,WSW,7.0,80.0,0.0,1034.0
3.0,WSW,7.0,80.0,0.0,1034.0
3.0,WSW,7.0,80.0,0.0,1034.0
3.0,WSW,7.0,80.0,0.0,1034.0
3.0,WSW,7.0,80.0,0.0,1034.0
3.0,WSW,7.0,80.0,0.0,1034.0
3.0,WSW,7.0,80.0,0.0,1034.0
3.0,WSW,7.0,80.0,0.0,1034.0
3.0,WSW,7.0,80.0,0.0,1034.0
3.0,WSW,7.0,80.0,0.0,1034.0
3.0,WSW,7.0,80.0,0.0,1034.0
3.0,WSW,7.0,80.0,0.0,1034.0
3.0,WSW,7.0,80.0,0.0,1034.0
3.0,WSW,7.0,80.0,0.0,1034.0
3.0,NW,6.0,82.0,0.0,1034.0
3.0,NW,6.0,82.0,0.0,1034.0
3.0,NW,6.0,82.0,0.0,1034.0
3.0,NW,6.0,82.0,0.0,1034.0
3.0,NW,6.0,82.0,0.0,1034.0
3.0,NW,6.0,82.0,0.0,1034.0
3.0,NW,6.0,82.0,0.0,1034.0
3.0,NW,6.0,82.0,0.0,1034.0
3.0,NW,6.0,82.0,0.0,1034.0
3.0,NW,6.0,82.0,0.0,1034.0
3.0,NW,6.0,82.0,0.0,1034.0
3.0,NW,6.0,82.0,0.0,1034.0
3.0,NW,6.0,82.0,0.0,1034.0
3.0,NW,6.0,82.0,0.0,1034.0
3.0,NW,6.0,82.0,0.0,1034.0
3.0,NW,6.0,82.0,0.0,1034.0
3.0,NW,6.0,82.0,0.0,1034.0
3.0,NW,6.0,82.0,0.0,1034.0
3.0,NW,6.0,82.0,0.0,1034.0
3.0,NW,6.0,82.0,0.0,1034.0
3.0,NW,6.0,82.0,0.0,1034.0
3.0,NW,6.0,82.0,0.0,1034.0
3.0,NW,6.0,82.0,0.0,1034.0
3.0,NW,6.0,82.0,0.0,1034.0
3.0,NW,6.0,82.0,0.0,1034.0
3.0,NW,6.0,82.0,0.0,1034.0
3.0,NW,6.0,82.0,0.0,1034.0
3.0,NW,6.0,82.0,0.0,1034.0
3.0,NW,6.0,82.0,0.0,1034.0
3.0,NW,6.0,82.0,0.0,1034.0
3.0,NW,6.0,82.0,0.0,1034.0
3.0,NW,6.0,82.0,0.0,1034.0
3.0,NW,6.0,82.0,0.0,1034.0
3.0,NW,6.0,82.0,0.0,1034.0
3.0,NW,6.0,82.0,0.0,1034.0
3.0,NW,6.0,82.0,0.0,1034.0
3.0,NW,6.0,82.0,0.0,1034.0
3.0,NW,6.0,82.0,0.0,1034.0
3.0,NW,6.0,82.0,0.0,1034.0
3.0,NW,6.0,82.0,0.0,1034.0
3.0,NW,6.0,82.0,0.0,1034.0
3.0,NW,6.0,82.0,0.0,1034.0
3.0,NW,6.0,82.0,0.0,1034.0
3.0,NW,6.0,82.0,0.0,1034.0
3.0,NW,6.0,82.0,0.0,1034.0
3.0,NW,6.0,82.0,0.0,1034.0
3.0,NW,6.0,82.0,0.0,1034.0
3.0,NW,6.0,82.0,0.0,1034.0
3.0,NW,6.0,82.0,0.0,1034.0
3.0,NW,6.0,82.0,0.0,1034.0
3.0,NW,6.0,82.0,0.0,1034.0
3.0,NW,6.0,82.0,0.0,1034.0
3.0,NW,6.0,82.0,0.0,1034.0
3.0,NW,6.0,82.0,0.0,1034.0
3.0,NW,6.0,82.0,0.0,1034.0
3.0,NW,6.0,82.0,0.0,1034.0
3.0,NW,6.0,82.0,0.0,1034.0
3.0,NW,6.0,82.0,0.0,1034.0
3.0,NW,6.0,82.0,0.0,1034.0
3.0,NW,6.0,82.0,0.0,1034.0
3.0,NW,6.0,82.0,0.0,1034.0
3.0,NW,6.0,82.0,0.0,1034.0
3.0,NW,6.0,82.0,0.0,1034.0
3.0,NW,6.0,82.0,0.0,1034.0
3.0,NW,6.0,82.0,0.0,1034.0
3.0,NW,6.0,82.0,0.0,1034.0
3.0,NW,6.0,82.0,0.0,1034.0
3.0,NW,6.0,82.0,0.0,1034.0
3.0,NW,6.0,82.0,0.0,1034.0
3.0,NW,6.0,82.0,0.0,1034.0
3.0,NW,6.0,82.0,0.0,1034.0
3.0,NW,6.0,82.0,0.0,1034.0
3.0,NW,6.0,82.0,0.0,1034.0
3.0,NW,6.0,82.0,0.0,1034.0
3.0,NW,6.0,82.0,0.0,1034.0
3.0,NW,6.0,82.0,0.0,1034.0
3.0,NW,6.0,82.0,0.0,1034.0
3.0,NW,6.0,82.0,0.0,1034.0
3.0,NW,6.0,82.0,0.0,1034.0
3.0,NW,6.0,82.0,0.0,1034.0
3.0,NW,6.0,82.0,0.0,1034.0
3.0,NW,6.0,82.0,0.0,1034.0
3.0,NW,6.0,82.0,0.0,1034.0
3.0,NW,6.0,82.0,0.0,1034.0
3.0,NW,6.0,82.0,0.0,1034.0
3.0,NW,6.0,82.0,0.0,1034.0
3.0,NW,6.0,82.0,0.0,1034.0
3.0,NW,6.0,82.0,0.0,1034.0
4.0,SW,6.0,79.0,0.0,1034.0
4.0,SW,6.0,79.0,0.0,1034.0
4.0,SW,6.0,79.0,0.0,1034.0
4.0,SW,6.0,79.0,0.0,1034.0
4.0,SW,6.0,79.0,0.0,1034.0
4.0,SW,6.0,79.0,0.0,1034.0
4.0,SW,6.0,79.0,0.0,1034.0
4.0,SW,6.0,79.0,0.0,1034.0
4.0,SW,6.0,79.0,0.0,1034.0
4.0,SW,6.0,79.0,0.0,1034.0
4.0,SW,6.0,79.0,0.0,1034.0
4.0,SW,6.0,79.0,0.0,1034.0
4.0,SW,6.0,79.0,0.0,1034.0
4.0,SW,6.0,79.0,0.0,1034.0
4.0,SW,6.0,79.0,0.0,1034.0
4.0,SW,6.0,79.0,0.0,1034.0
4.0,SW,6.0,79.0,0.0,1034.0
4.0,SW,6.0,79.0,0.0,1034.0
4.0,SW,6.0,79.0,0.0,1034.0
4.0,SW,6.0,79.0,0.0,1034.0
4.0,SW,6.0,79.0,0.0,1034.0
4.0,SW,6.0,79.0,0.0,1034.0
4.0,SW,6.0,79.0,0.0,1034.0
4.0,SW,6.0,79.0,0.0,1034.0
4.0,SW,6.0,79.0,0.0,1034.0
4.0,SW,6.0,79.0,0.0,1034.0
4.0,SW,6.0,79.0,0.0,1034.0
4.0,SW,6.0,79.0,0.0,1034.0
4.0,SW,6.0,79.0,0.0,1034.0
4.0,SW,6.0,79.0,0.0,1034.0
4.0,SW,6.0,79.0,0.0,1034.0
4.0,SW,6.0,79.0,0.0,1034.0
4.0,SW,6.0,79.0,0.0,1034.0
4.0,SW,6.0,79.0,0.0,1034.0
4.0,SW,6.0,79.0,0.0,1034.0
4.0,SW,6.0,79.0,0.0,1034.0
4.0,SW,6.0,79.0,0.0,1034.0
4.0,SW,6.0,79.0,0.0,1034.0
4.0,SW,6.0,79.0,0.0,1034.0
4.0,SW,6.0,79.0,0.0,1034.0
4.0,SW,6.0,79.0,0.0,1034.0
4.0,SW,6.0,79.0,0.0,1034.0
4.0,SW,6.0,79.0,0.0,1034.0
4.0,SW,6.0,79.0,0.0,1034.0
4.0,SW,6.0,79.0,0.0,1034.0
4.0,SW,6.0,79.0,0.0,1034.0
4.0,SW,6.0,79.0,0.0,1034.0
4.0,SW,6.0,79.0,0.0,1034.0
4.0,SW,6.0,79.0,0.0,1034.0
4.0,SW,6.0,79.0,0.0,1034.0
4.0,SW,6.0,79.0,0.0,1034.0
4.0,SW,6.0,79.0,0.0,1034.0
4.0,SW,6.0,79.0,0.0,1034.0
4.0,SW,6.0,79.0,0.0,1034.0
4.0,SW,6.0,79.0,0.0,1034.0
4.0,SW,6.0,79.0,0.0,1034.0
4.0,SW,6.0,79.0,0.0,1034.0
4.0,SW,6.0,79.0,0.0,1034.0
4.0,SW,6.0,79.0,0.0,1034.0
4.0,SW,6.0,79.0,0.0,1034.0
4.0,SW,6.0,79.0,0.0,1034.0
4.0,SW,6.0,79.0,0.0,1034.0
4.0,SW,6.0,79.0,0.0,1034.0
4.0,SW,6.0,79.0,0.0,1034.0
4.0,SW,6.0,79.0,0.0,1034.0
4.0,SW,6.0,79.0,0.0,1034.0
4.0,SW,6.0,79.0,0.0,1034.0
4.0,SW,6.0,79.0,0.0,1034.0
4.0,SW,6.0,79.0,0.0,1034.0
4.0,SW,6.0,79.0,0.0,1034.0
4.0,SW,6.0,79.0,0.0,1034.0
4.0,SW,6.0,79.0,0.0,1034.0
4.0,SW,6.0,79.0,0.0,1034.0
4.0,SW,6.0,79.0,0.0,1034.0
4.0,SW,6.0,79.0,0.0,1034.0
4.0,SW,6.0,79.0,0.0,1034.0
4.0,SW,6.0,79.0,0.0,1034.0
4.0,SW,6.0,79.0,0.0,1034.0
4.0,SW,6.0,79.0,0.0,1034.0
4.0,SW,6.0,79.0,0.0,1034.0
4.0,SW,6.0,79.0,0.0,1034.0
4.0,SW,6.0,79.0,0.0,1034.0
4.0,SW,6.0,79.0,0.0,1034.0
4.0,SW,6.0,79.0,0.0,1034.0
4.0,SW,6.0,79.0,0.0,1034.0
4.0,SW,6.0,79.0,0.0,1034.0
4.0,SW,6.0,79.0,0.0,1034.0
4.0,SW,6.0,79.0,0.0,1034.0
4.0,SW,6.0,79.0,0.0,1034.0
4.0,SW,6.0,79.0,0.0,1034.0
4.0,SW,6.0,79.0,0.0,1034.0
4.0,SW,6.0,79.0,0.0,1034.0
4.0,SW,6.0,79.0,0.0,1034.0
4.0,SW,6.0,79.0,0.0,1034.0
4.0,SW,6.0,79.0,0.0,1034.0
4.0,SW,6.0,79.0,0.0,1034.0
4.0,SW,6.0,79.0,0.0,1034.0
4.0,SW,6.0,79.0,0.0,1034.0
4.0,SW,6.0,79.0,0.0,1034.0
4.0,SW,6.0,79.0,0.0,1034.0
4.0,SW,6.0,79.0,0.0,1034.0
4.0,SW,6.0,79.0,0.0,1034.0
4.0,SW,6.0,79.0,0.0,1034.0
4.0,SW,6.0,79.0,0.0,1034.0
4.0,SW,6.0,79.0,0.0,1034.0
4.0,SW,6.0,79.0,0.0,1034.0
4.0,SW,6.0,79.0,0.0,1034.0
4.0,SW,6.0,79.0,0.0,1034.0
4.0,SW,6.0,79.0,0.0,1034.0
4.0,SW,6.0,79.0,0.0,1034.0
4.0,SW,6.0,79.0,0.0,1034.0
4.0,SW,6.0,79.0,0.0,1034.0
4.0,SW,6.0,79.0,0.0,1034.0
4.0,SW,6.0,79.0,0.0,1034.0
4.0,SW,6.0,79.0,0.0,1034.0
4.0,SW,6.0,79.0,0.0,1034.0
4.0,SW,6.0,79.0,0.0,1034.0
4.0,SW,6.0,79.0,0.0,1034.0
4.0,SW,6.0,79.0,0.0,1034.0
4.0,SW,6.0,79.0,0.0,1034.0
4.0,SW,6.0,79.0,0.0,1034.0
4.0,SW,6.0,79.0,0.0,1034.0
4.0,SW,6.0,79.0,0.0,1034.0
4.0,SW,6.0,79.0,0.0,1034.0
4.0,SW,6.0,79.0,0.0,1034.0
4.0,SW,6.0,79.0,0.0,1034.0
4.0,SW,6.0,79.0,0.0,1034.0
4.0,SW,6.0,79.0,0.0,1034.0
4.0,SW,6.0,79.0,0.0,1034.0
4.0,SW,6.0,79.0,0.0,1034.0
4.0,SW,6.0,79.0,0.0,1034.0
4.0,SW,6.0,79.0,0.0,1034.0
4.0,SW,6.0,79.0,0.0,1034.0
4.0,SW,6.0,79.0,0.0,1034.0
4.0,SW,6.0,79.0,0.0,1034.0
4.0,SW,6.0,79.0,0.0,1034.0
4.0,SW,6.0,79.0,0.0,1034.0
4.0,SW,6.0,79.0,0.0,1034.0
4.0,SW,6.0,79.0,0.0,1034.0
4.0,SW,6.0,79.0,0.0,1034.0
4.0,SW,6.0,79.0,0.0,1034.0
4.0,SW,6.0,79.0,0.0,1034.0
4.0,SW,8.0,80.0,0.0,1033.0
4.0,SW,8.0,80.0,0.0,1033.0
4.0,SW,8.0,80.0,0.0,1033.0
4.0,SW,8.0,80.0,0.0,1033.0
4.0,SW,8.0,80.0,0.0,1033.0
4.0,SW,8.0,80.0,0.0,1033.0
4.0,SW,7.0,83.0,1.0,1033.0
4.0,SW,7.0,83.0,1.0,1033.0
4.0,SW,7.0,83.0,1.0,1033.0
4.0,SW,7.0,83.0,1.0,1033.0
4.0,SW,7.0,83.0,1.0,1033.0
4.0,SW,7.0,83.0,1.0,1033.0
4.0,SW,7.0,83.0,1.0,1033.0
4.0,SW,7.0,83.0,1.0,1033.0
4.0,WSW,8.0,85.0,2.0,1033.0
4.0,WSW,8.0,85.0,2.0,1033.0
4.0,WSW,8.0,85.0,2.0,1033.0
4.0,WSW,8.0,85.0,2.0,1033.0
4.0,WSW,8.0,85.0,2.0,1033.0
4.0,WSW,8.0,85.0,2.0,1033.0
4.0,WSW,8.0,85.0,2.0,1033.0
4.0,WSW,8.0,85.0,2.0,1033.0
4.0,WSW,8.0,85.0,2.0,1033.0
4.0,WSW,8.0,85.0,2.0,1033.0
4.0,WSW,8.0,85.0,2.0,1033.0
4.0,WSW,8.0,85.0,2.0,1033.0
4.0,WSW,8.0,85.0,2.0,1033.0
4.0,WSW,8.0,85.0,2.0,1033.0
4.0,WSW,8.0,85.0,2.0,1033.0
4.0,WSW,8.0,85.0,2.0,1033.0
4.0,WSW,8.0,85.0,2.0,1033.0
4.0,WSW,8.0,85.0,2.0,1033.0
4.0,WSW,8.0,85.0,2.0,1033.0
4.0,WSW,8.0,85.0,2.0,1033.0
4.0,WSW,8.0,85.0,2.0,1033.0
4.0,WSW,8.0,85.0,2.0,1033.0
4.0,WSW,8.0,85.0,2.0,1033.0
4.0,WSW,8.0,85.0,2.0,1033.0
4.0,WSW,8.0,85.0,2.0,1033.0
4.0,WSW,8.0,85.0,2.0,1033.0
4.0,WSW,8.0,85.0,2.0,1033.0
4.0,WSW,8.0,85.0,2.0,1033.0
4.0,WSW,8.0,85.0,2.0,1033.0
4.0,WSW,8.0,85.0,2.0,1033.0
4.0,WSW,8.0,85.0,2.0,1033.0
4.0,WSW,8.0,85.0,2.0,1033.0
4.0,WSW,8.0,85.0,2.0,1033.0
4.0,WSW,8.0,85.0,2.0,1033.0
4.0,WSW,8.0,85.0,2.0,1033.0
4.0,WSW,8.0,85.0,2.0,1033.0
4.0,WSW,8.0,85.0,2.0,1033.0
4.0,WSW,8.0,85.0,2.0,1033.0
4.0,WSW,8.0,85.0,2.0,1033.0
4.0,WSW,8.0,85.0,2.0,1033.0
4.0,WSW,8.0,85.0,2.0,1033.0
4.0,WSW,8.0,85.0,2.0,1033.0
4.0,WSW,8.0,85.0,2.0,1033.0
4.0,WSW,8.0,85.0,2.0,1033.0
4.0,WSW,8.0,85.0,2.0,1033.0
4.0,WSW,8.0,85.0,2.0,1033.0
4.0,WSW,8.0,85.0,2.0,1033.0
4.0,WSW,8.0,85.0,2.0,1033.0
4.0,WSW,8.0,85.0,2.0,1033.0
4.0,WSW,8.0,85.0,2.0,1033.0
4.0,WSW,8.0,85.0,2.0,1033.0
4.0,WSW,8.0,85.0,2.0,1033.0
4.0,WSW,8.0,85.0,2.0,1033.0
4.0,WSW,8.0,85.0,2.0,1033.0
4.0,WSW,8.0,85.0,2.0,1033.0
4.0,WSW,8.0,85.0,2.0,1033.0
4.0,WSW,8.0,85.0,2.0,1033.0
4.0,WSW,8.0,85.0,2.0,1033.0
4.0,WSW,8.0,85.0,2.0,1033.0
4.0,WSW,8.0,85.0,2.0,1033.0
4.0,WSW,8.0,85.0,2.0,1033.0
4.0,WSW,8.0,85.0,2.0,1033.0
4.0,WSW,8.0,85.0,2.0,1033.0
4.0,WSW,8.0,85.0,2.0,1033.0
4.0,WSW,8.0,85.0,2.0,1033.0
4.0,WSW,8.0,85.0,2.0,1033.0
4.0,WSW,8.0,85.0,2.0,1033.0
4.0,WSW,8.0,85.0,2.0,1033.0
4.0,WSW,8.0,85.0,2.0,1033.0
4.0,WSW,8.0,85.0,2.0,1033.0
4.0,WSW,8.0,85.0,2.0,1033.0
4.0,WSW,8.0,85.0,2.0,1033.0
4.0,WSW,8.0,85.0,2.0,1033.0
4.0,WSW,8.0,85.0,2.0,1033.0
4.0,WSW,8.0,85.0,2.0,1033.0
4.0,WSW,8.0,85.0,2.0,1033.0
4.0,WSW,8.0,85.0,2.0,1033.0
4.0,WSW,8.0,85.0,2.0,1033.0
4.0,WSW,8.0,85.0,2.0,1033.0
4.0,WSW,8.0,85.0,2.0,1033.0
4.0,WSW,8.0,85.0,2.0,1033.0
4.0,WSW,8.0,85.0,2.0,1033.0
4.0,WSW,8.0,85.0,2.0,1033.0
4.0,WSW,8.0,85.0,2.0,1033.0
4.0,WSW,8.0,85.0,2.0,1033.0
4.0,WSW,8.0,85.0,2.0,1033.0
4.0,WSW,8.0,85.0,2.0,1033.0
4.0,WSW,8.0,85.0,2.0,1033.0
4.0,WSW,8.0,85.0,2.0,1033.0
4.0,WSW,8.0,85.0,2.0,1033.0
4.0,WSW,8.0,85.0,2.0,1033.0
4.0,WSW,8.0,85.0,2.0,1033.0
4.0,WSW,8.0,85.0,2.0,1033.0
4.0,WSW,8.0,85.0,2.0,1033.0
4.0,WSW,8.0,85.0,2.0,1033.0
4.0,WSW,8.0,85.0,2.0,1033.0
4.0,WSW,8.0,85.0,2.0,1033.0
4.0,WSW,8.0,85.0,2.0,1033.0
4.0,WSW,8.0,85.0,2.0,1033.0
4.0,WSW,8.0,85.0,2.0,1033.0
4.0,WSW,8.0,85.0,2.0,1033.0
4.0,WSW,8.0,85.0,2.0,1033.0
4.0,WSW,8.0,85.0,2.0,1033.0
4.0,WSW,8.0,85.0,2.0,1033.0
4.0,WSW,8.0,85.0,2.0,1033.0
4.0,WSW,8.0,85.0,2.0,1033.0
4.0,WSW,8.0,85.0,2.0,1033.0
4.0,WSW,8.0,85.0,2.0,1033.0
4.0,WSW,8.0,85.0,2.0,1033.0
4.0,WSW,8.0,85.0,2.0,1033.0
4.0,WSW,8.0,85.0,2.0,1033.0
4.0,WSW,8.0,85.0,2.0,1033.0
4.0,WSW,8.0,85.0,2.0,1033.0
4.0,WSW,8.0,85.0,2.0,1033.0
4.0,WSW,8.0,85.0,2.0,1033.0
4.0,WSW,8.0,85.0,2.0,1033.0
4.0,WSW,8.0,85.0,2.0,1033.0
4.0,WSW,8.0,85.0,2.0,1033.0
4.0,WSW,8.0,85.0,2.0,1033.0
4.0,WSW,8.0,85.0,2.0,1033.0
4.0,WSW,8.0,85.0,2.0,1033.0
4.0,WSW,8.0,85.0,2.0,1033.0
4.0,WSW,8.0,85.0,2.0,1033.0
4.0,WSW,8.0,85.0,2.0,1033.0
4.0,WSW,8.0,85.0,2.0,1033.0
4.0,WSW,8.0,85.0,2.0,1033.0
4.0,WSW,8.0,85.0,2.0,1033.0
4.0,WSW,8.0,85.0,2.0,1033.0
4.0,WSW,8.0,85.0,2.0,1033.0
4.0,WSW,8.0,85.0,2.0,1033.0
4.0,WSW,8.0,85.0,2.0,1033.0
4.0,WSW,8.0,85.0,2.0,1033.0
4.0,WSW,8.0,85.0,2.0,1033.0
4.0,WSW,8.0,85.0,2.0,1033.0
4.0,WSW,8.0,85.0,2.0,1033.0
4.0,WSW,8.0,85.0,2.0,1033.0
4.0,WSW,8.0,85.0,2.0,1033.0
4.0,WSW,8.0,85.0,2.0,1033.0
4.0,WSW,8.0,85.0,2.0,1033.0
4.0,WSW,8.0,85.0,2.0,1033.0
4.0,WSW,8.0,85.0,2.0,1033.0
4.0,WSW,8.0,85.0,2.0,1033.0
4.0,WSW,8.0,85.0,2.0,1033.0
4.0,WSW,8.0,85.0,2.0,1033.0
4.0,WSW,8.0,85.0,2.0,1033.0
4.0,WSW,8.0,85.0,2.0,1033.0
4.0,WSW,8.0,85.0,2.0,1033.0
4.0,WSW,8.0,85.0,2.0,1033.0
4.0,WSW,8.0,85.0,2.0,1033.0
4.0,WSW,8.0,85.0,2.0,1033.0
4.0,WSW,8.0,85.0,2.0,1033.0
4.0,WSW,8.0,85.0,2.0,1033.0
4.0,WSW,8.0,85.0,2.0,1033.0
4.0,WSW,8.0,85.0,2.0,1033.0
4.0,WSW,8.0,85.0,2.0,1033.0
4.0,WSW,8.0,85.0,2.0,1033.0
4.0,WSW,8.0,85.0,2.0,1033.0
4.0,WSW,8.0,85.0,2.0,1033.0
4.0,WSW,8.0,85.0,2.0,1033.0
4.0,WSW,8.0,85.0,2.0,1033.0
4.0,WSW,8.0,85.0,2.0,1033.0
4.0,WSW,8.0,85.0,2.0,1033.0
4.0,WSW,8.0,85.0,2.0,1033.0
4.0,WSW,8.0,85.0,2.0,1033.0
4.0,WSW,8.0,85.0,2.0,1033.0
4.0,WSW,8.0,85.0,2.0,1033.0
4.0,WSW,8.0,85.0,2.0,1033.0
4.0,WSW,8.0,85.0,2.0,1033.0
4.0,WSW,8.0,85.0,2.0,1033.0
4.0,WSW,8.0,85.0,2.0,1033.0
4.0,WSW,8.0,85.0,2.0,1033.0
4.0,WSW,8.0,85.0,2.0,1033.0
4.0,WSW,8.0,85.0,2.0,1033.0
4.0,WSW,8.0,85.0,2.0,1033.0
4.0,WSW,8.0,85.0,2.0,1033.0
4.0,WSW,8.0,85.0,2.0,1033.0
4.0,WSW,8.0,85.0,2.0,1033.0
4.0,WSW,8.0,85.0,2.0,1033.0
4.0,WSW,8.0,85.0,2.0,1033.0
4.0,WSW,8.0,85.0,2.0,1033.0
4.0,WSW,8.0,85.0,2.0,1033.0
4.0,WSW,8.0,85.0,2.0,1033.0
4.0,WSW,8.0,85.0,2.0,1033.0
4.0,WSW,8.0,85.0,2.0,1033.0
4.0,WSW,8.0,85.0,2.0,1033.0
4.0,WSW,8.0,85.0,2.0,1033.0
4.0,WSW,8.0,85.0,2.0,1033.0
4.0,WSW,8.0,85.0,2.0,1033.0
4.0,WSW,8.0,85.0,2.0,1033.0
4.0,WSW,8.0,85.0,2.0,1033.0
4.0,WSW,8.0,85.0,2.0,1033.0
4.0,WSW,8.0,85.0,2.0,1033.0
4.0,WSW,8.0,85.0,2.0,1033.0
4.0,WSW,8.0,85.0,2.0,1033.0
4.0,WSW,8.0,85.0,2.0,1033.0
4.0,WSW,8.0,85.0,2.0,1033.0
4.0,WSW,8.0,85.0,2.0,1033.0
4.0,WSW,8.0,85.0,2.0,1033.0
4.0,WSW,8.0,85.0,2.0,1033.0
4.0,WSW,8.0,85.0,2.0,1033.0
4.0,WSW,8.0,85.0,2.0,1033.0
4.0,WSW,8.0,85.0,2.0,1033.0
4.0,WSW,8.0,85.0,2.0,1033.0
4.0,WSW,8.0,85.0,2.0,1033.0
4.0,WSW,8.0,85.0,2.0,1033.0
4.0,WSW,8.0,85.0,2.0,1033.0
4.0,WSW,8.0,85.0,2.0,1033.0
4.0,WSW,8.0,85.0,2.0,1033.0
4.0,WSW,8.0,85.0,2.0,1033.0
4.0,WSW,8.0,85.0,2.0,1033.0
4.0,WSW,8.0,85.0,2.0,1033.0
4.0,WSW,8.0,85.0,2.0,1033.0
4.0,WSW,8.0,85.0,2.0,1033.0
4.0,WSW,8.0,85.0,2.0,1033.0
4.0,WSW,8.0,85.0,2.0,1033.0
4.0,WSW,8.0,85.0,2.0,1033.0
4.0,WSW,8.0,85.0,2.0,1033.0
4.0,WSW,8.0,85.0,2.0,1033.0
4.0,WSW,8.0,85.0,2.0,1033.0
4.0,WSW,8.0,85.0,2.0,1033.0
4.0,WSW,8.0,85.0,2.0,1033.0
4.0,WSW,8.0,85.0,2.0,1033.0
4.0,WSW,8.0,85.0,2.0,1033.0
4.0,WSW,8.0,85.0,2.0,1033.0
4.0,WSW,8.0,85.0,2.0,1033.0
4.0,WSW,8.0,85.0,2.0,1033.0
4.0,WSW,8.0,85.0,2.0,1033.0
4.0,WSW,8.0,85.0,2.0,1033.0
4.0,WSW,8.0,85.0,2.0,1033.0
4.0,WSW,8.0,85.0,2.0,1033.0
4.0,WSW,8.0,85.0,2.0,1033.0
4.0,WSW,8.0,85.0,2.0,1033.0
4.0,WSW,8.0,85.0,2.0,1033.0
4.0,WSW,8.0,85.0,2.0,1033.0
4.0,WSW,8.0,85.0,2.0,1033.0
4.0,WSW,8.0,85.0,2.0,1033.0
4.0,WSW,8.0,85.0,2.0,1033.0
4.0,WSW,8.0,85.0,2.0,1033.0
4.0,WSW,8.0,85.0,2.0,1033.0
4.0,WSW,8.0,85.0,2.0,1033.0
4.0,WSW,8.0,85.0,2.0,1033.0
4.0,WSW,8.0,85.0,2.0,1033.0
4.0,WSW,8.0,85.0,2.0,1033.0
4.0,WSW,8.0,85.0,2.0,1033.0
4.0,WSW,8.0,85.0,2.0,1033.0
4.0,WSW,8.0,85.0,2.0,1033.0
4.0,WSW,8.0,85.0,2.0,1033.0
4.0,WSW,8.0,85.0,2.0,1033.0
4.0,WSW,8.0,85.0,2.0,1033.0
4.0,WSW,8.0,85.0,2.0,1033.0
4.0,WSW,8.0,85.0,2.0,1033.0
4.0,WSW,8.0,85.0,2.0,1033.0
4.0,WSW,8.0,85.0,2.0,1033.0
4.0,WSW,8.0,85.0,2.0,1033.0
4.0,WSW,8.0,85.0,2.0,1033.0
4.0,WSW,8.0,85.0,2.0,1033.0
4.0,WSW,8.0,85.0,2.0,1033.0
4.0,WSW,8.0,85.0,2.0,1033.0
4.0,WSW,8.0,85.0,2.0,1033.0
4.0,WSW,8.0,85.0,2.0,1033.0
4.0,WSW,8.0,85.0,2.0,1033.0
4.0,WSW,8.0,85.0,2.0,1033.0
4.0,WSW,8.0,85.0,2.0,1033.0
4.0,WSW,8.0,85.0,2.0,1033.0
4.0,WSW,8.0,85.0,2.0,1033.0
4.0,WSW,8.0,85.0,2.0,1033.0
4.0,WSW,8.0,85.0,2.0,1033.0
4.0,WSW,8.0,85.0,2.0,1033.0
4.0,WSW,8.0,85.0,2.0,1033.0
4.0,WSW,8.0,85.0,2.0,1033.0
4.0,WSW,8.0,85.0,2.0,1033.0
4.0,WSW,8.0,85.0,2.0,1033.0
4.0,WSW,8.0,85.0,2.0,1033.0
4.0,WSW,8.0,85.0,2.0,1033.0
4.0,WSW,8.0,85.0,2.0,1033.0
4.0,WSW,8.0,85.0,2.0,1033.0
4.0,WSW,8.0,85.0,2.0,1033.0
4.0,WSW,8.0,85.0,2.0,1033.0
4.0,WSW,8.0,85.0,2.0,1033.0
4.0,WSW,8.0,85.0,2.0,1033.0
4.0,WSW,8.0,85.0,2.0,1033.0
4.0,WSW,8.0,85.0,2.0,1033.0
4.0,WSW,8.0,85.0,2.0,1033.0
4.0,WSW,8.0,85.0,2.0,1033.0
4.0,WSW,8.0,85.0,2.0,1033.0
4.0,WSW,8.0,85.0,2.0,1033.0
4.0,WSW,8.0,85.0,2.0,1033.0
4.0,WSW,8.0,85.0,2.0,1033.0
4.0,WSW,8.0,85.0,2.0,1033.0
4.0,WSW,8.0,85.0,2.0,1033.0
4.0,WSW,8.0,85.0,2.0,1033.0
4.0,WSW,8.0,85.0,2.0,1033.0
4.0,WSW,8.0,85.0,2.0,1033.0
4.0,WSW,8.0,85.0,2.0,1033.0
4.0,WSW,8.0,85.0,2.0,1033.0
4.0,WSW,8.0,85.0,2.0,1033.0
4.0,WSW,8.0,85.0,2.0,1033.0
4.0,WSW,8.0,85.0,2.0,1033.0
4.0,WSW,8.0,85.0,2.0,1033.0
4.0,WSW,8.0,85.0,2.0,1033.0
4.0,WSW,8.0,85.0,2.0,1033.0
4.0,WSW,8.0,85.0,2.0,1033.0
4.0,WSW,8.0,85.0,2.0,1033.0
4.0,WSW,8.0,85.0,2.0,1033.0
4.0,WSW,8.0,85.0,2.0,1033.0
4.0,WSW,8.0,85.0,2.0,1033.0
4.0,WSW,8.0,85.0,2.0,1033.0
4.0,WSW,8.0,85.0,2.0,1033.0
4.0,WSW,8.0,85.0,2.0,1033.0
4.0,WSW,8.0,85.0,2.0,1033.0
4.0,WSW,8.0,85.0,2.0,1033.0
4.0,WSW,8.0,85.0,2.0,1033.0
4.0,WSW,8.0,85.0,2.0,1033.0
4.0,WSW,8.0,85.0,2.0,1033.0
4.0,WSW,8.0,85.0,2.0,1033.0
4.0,WSW,8.0,85.0,2.0,1033.0
4.0,WSW,8.0,85.0,2.0,1033.0
4.0,WSW,8.0,85.0,2.0,1033.0
4.0,WSW,8.0,85.0,2.0,1033.0
4.0,WSW,8.0,85.0,2.0,1033.0
4.0,WSW,8.0,85.0,2.0,1033.0
4.0,WSW,8.0,85.0,2.0,1033.0
4.0,WSW,8.0,85.0,2.0,1033.0
4.0,WSW,8.0,85.0,2.0,1033.0
4.0,WSW,8.0,85.0,2.0,1033.0
4.0,WSW,8.0,85.0,2.0,1033.0
4.0,WSW,8.0,85.0,2.0,1033.0
4.0,WSW,8.0,85.0,2.0,1033.0
4.0,WSW,8.0,85.0,2.0,1033.0
4.0,WSW,8.0,85.0,2.0,1033.0
4.0,WSW,8.0,85.0,2.0,1033.0
4.0,WSW,8.0,85.0,2.0,1033.0
4.0,WSW,8.0,85.0,2.0,1033.0
4.0,WSW,8.0,85.0,2.0,1033.0
4.0,WSW,8.0,85.0,2.0,1033.0
4.0,WSW,8.0,86.0,2.0,1033.0
4.0,WSW,8.0,86.0,2.0,1033.0
4.0,WSW,8.0,86.0,2.0,1033.0
4.0,WSW,8.0,86.0,2.0,1033.0
4.0,WSW,8.0,86.0,2.0,1033.0
4.0,WSW,8.0,86.0,2.0,1033.0
4.0,WSW,8.0,86.0,2.0,1033.0
4.0,WSW,8.0,86.0,2.0,1033.0
4.0,WSW,8.0,86.0,2.0,1033.0
4.0,WSW,8.0,86.0,2.0,1033.0
4.0,WSW,8.0,86.0,2.0,1033.0
4.0,WSW,8.0,86.0,2.0,1033.0
4.0,WSW,8.0,86.0,2.0,1033.0
4.0,WSW,8.0,86.0,2.0,1033.0
4.0,WSW,8.0,86.0,2.0,1033.0
4.0,WSW,8.0,86.0,2.0,1033.0
4.0,WSW,8.0,86.0,2.0,1033.0
4.0,SW,6.0,87.0,2.0,1034.0
4.0,SW,6.0,87.0,2.0,1034.0
4.0,SW,6.0,87.0,2.0,1034.0
4.0,SW,6.0,87.0,2.0,1034.0
4.0,SW,6.0,87.0,2.0,1034.0
4.0,SW,6.0,87.0,2.0,1034.0
4.0,SW,6.0,87.0,2.0,1034.0
4.0,SW,6.0,87.0,2.0,1034.0
4.0,SW,6.0,87.0,2.0,1034.0
4.0,SW,6.0,87.0,2.0,1034.0
4.0,SW,6.0,87.0,2.0,1034.0
4.0,SW,6.0,87.0,2.0,1034.0
4.0,SW,6.0,87.0,2.0,1034.0
4.0,SW,6.0,87.0,2.0,1034.0
4.0,SW,6.0,87.0,2.0,1034.0
4.0,SW,6.0,87.0,2.0,1034.0
4.0,SW,6.0,87.0,2.0,1034.0
4.0,SW,6.0,87.0,2.0,1034.0
4.0,SW,6.0,87.0,2.0,1034.0
3.0,SW,5.0,85.0,1.0,1033.0
3.0,SW,5.0,85.0,1.0,1033.0
3.0,SW,5.0,85.0,1.0,1033.0
3.0,SW,5.0,85.0,1.0,1033.0
3.0,SW,5.0,85.0,1.0,1033.0
3.0,SW,5.0,85.0,1.0,1033.0
3.0,SW,5.0,85.0,1.0,1033.0
3.0,SW,5.0,85.0,1.0,1033.0
3.0,SW,5.0,85.0,1.0,1033.0
3.0,SW,5.0,85.0,1.0,1033.0
3.0,SW,5.0,85.0,1.0,1033.0
4.0,SW,6.0,89.0,2.0,1033.0
4.0,SW,6.0,89.0,2.0,1033.0
4.0,SW,6.0,89.0,2.0,1033.0
4.0,SW,6.0,89.0,2.0,1033.0
4.0,SW,6.0,89.0,2.0,1033.0
4.0,SW,6.0,89.0,2.0,1033.0
4.0,SW,6.0,89.0,2.0,1033.0
4.0,SW,6.0,89.0,2.0,1033.0
4.0,SW,6.0,89.0,2.0,1033.0
4.0,SW,6.0,89.0,2.0,1033.0
4.0,SW,6.0,89.0,2.0,1033.0
4.0,SW,6.0,89.0,2.0,1033.0
4.0,SW,6.0,89.0,2.0,1033.0
4.0,SW,6.0,89.0,2.0,1033.0
4.0,SW,6.0,89.0,2.0,1033.0
4.0,SW,6.0,89.0,2.0,1033.0
4.0,SW,6.0,89.0,2.0,1033.0
4.0,SW,6.0,89.0,2.0,1033.0
4.0,SW,6.0,89.0,2.0,1033.0
4.0,SW,6.0,89.0,2.0,1033.0
4.0,SW,6.0,89.0,2.0,1033.0
4.0,SW,6.0,89.0,2.0,1033.0
4.0,SW,6.0,89.0,2.0,1033.0
4.0,SW,6.0,89.0,2.0,1033.0
4.0,SW,6.0,89.0,2.0,1033.0
4.0,SW,6.0,89.0,2.0,1033.0
4.0,SW,6.0,89.0,2.0,1033.0
4.0,SW,6.0,89.0,2.0,1033.0
4.0,SW,6.0,89.0,2.0,1033.0
4.0,SW,6.0,89.0,2.0,1033.0
4.0,SW,6.0,89.0,2.0,1033.0
4.0,SW,6.0,89.0,2.0,1033.0
4.0,SW,6.0,89.0,2.0,1033.0
4.0,SSW,10.0,96.0,3.0,1033.0
4.0,SSW,10.0,96.0,3.0,1033.0
4.0,SSW,10.0,96.0,3.0,1033.0
4.0,SSW,10.0,96.0,3.0,1033.0
4.0,SSW,10.0,96.0,3.0,1033.0
4.0,SSW,10.0,96.0,3.0,1033.0
4.0,SSW,10.0,96.0,3.0,1033.0
4.0,SSW,10.0,96.0,3.0,1033.0
4.0,SSW,10.0,96.0,3.0,1033.0
4.0,SSW,10.0,96.0,3.0,1033.0
4.0,SSW,10.0,96.0,3.0,1033.0
4.0,SSW,10.0,96.0,3.0,1033.0
4.0,SSW,10.0,96.0,3.0,1033.0
4.0,SSW,10.0,96.0,3.0,1033.0
4.0,SSW,10.0,96.0,3.0,1033.0
4.0,SSW,10.0,96.0,3.0,1033.0
4.0,SSW,10.0,96.0,3.0,1033.0
4.0,SSW,10.0,96.0,3.0,1033.0
4.0,SSW,10.0,96.0,3.0,1033.0
4.0,SSW,10.0,96.0,3.0,1033.0
4.0,SSW,10.0,96.0,3.0,1033.0
4.0,SSW,10.0,96.0,3.0,1033.0
4.0,SSW,10.0,96.0,3.0,1033.0
4.0,SSW,10.0,96.0,3.0,1033.0
4.0,SSW,10.0,96.0,3.0,1033.0
4.0,SSW,10.0,96.0,3.0,1033.0
4.0,SSW,10.0,96.0,3.0,1033.0
4.0,SSW,10.0,96.0,3.0,1033.0
4.0,SSW,10.0,96.0,3.0,1033.0
4.0,SSW,10.0,96.0,3.0,1033.0
4.0,SSW,10.0,96.0,3.0,1033.0
6.0,SSW,11.0,86.0,4.0,1032.0
6.0,SSW,11.0,86.0,4.0,1032.0
6.0,SSW,11.0,86.0,4.0,1032.0
6.0,SSW,11.0,86.0,4.0,1032.0
6.0,SSW,11.0,86.0,4.0,1032.0
6.0,SSW,11.0,86.0,4.0,1032.0
7.0,SSW,12.0,79.0,4.0,1032.0
7.0,SSW,12.0,79.0,4.0,1032.0
8.0,SSW,14.0,70.0,3.0,1031.0
8.0,SSW,14.0,70.0,3.0,1031.0
8.0,SSW,14.0,70.0,3.0,1031.0
9.0,SW,15.0,64.0,2.0,1031.0
9.0,SW,15.0,64.0,2.0,1031.0
9.0,SW,15.0,64.0,2.0,1031.0
9.0,SW,17.0,64.0,2.0,1029.0
9.0,SW,17.0,64.0,2.0,1029.0
8.0,WSW,16.0,68.0,2.0,1030.0
8.0,WSW,16.0,68.0,2.0,1030.0
8.0,WSW,16.0,68.0,2.0,1030.0
8.0,WSW,16.0,68.0,2.0,1030.0
8.0,WSW,16.0,68.0,2.0,1030.0
8.0,WSW,16.0,68.0,2.0,1030.0
8.0,WSW,16.0,68.0,2.0,1030.0
8.0,WSW,16.0,68.0,2.0,1030.0
8.0,WSW,16.0,68.0,2.0,1030.0
8.0,WSW,16.0,68.0,2.0,1030.0
8.0,WSW,16.0,68.0,2.0,1030.0
8.0,WSW,16.0,68.0,2.0,1030.0
8.0,WSW,16.0,68.0,2.0,1030.0
8.0,WSW,16.0,68.0,2.0,1030.0
8.0,WSW,16.0,68.0,2.0,1030.0
8.0,WSW,16.0,68.0,2.0,1030.0
8.0,WSW,16.0,68.0,2.0,1030.0
8.0,WSW,16.0,68.0,2.0,1030.0
8.0,WSW,16.0,68.0,2.0,1030.0
8.0,WSW,16.0,68.0,2.0,1030.0
8.0,WSW,16.0,68.0,2.0,1030.0
8.0,WSW,16.0,68.0,2.0,1030.0
8.0,WSW,16.0,68.0,2.0,1030.0
8.0,WSW,16.0,68.0,2.0,1030.0
8.0,WSW,16.0,68.0,2.0,1030.0
8.0,WSW,16.0,68.0,2.0,1030.0
8.0,WSW,16.0,68.0,2.0,1030.0
8.0,WSW,16.0,68.0,2.0,1030.0
8.0,WSW,16.0,68.0,2.0,1030.0
8.0,WSW,16.0,68.0,2.0,1030.0
8.0,WSW,16.0,68.0,2.0,1030.0
8.0,WSW,16.0,68.0,2.0,1030.0
8.0,WSW,16.0,68.0,2.0,1030.0
8.0,WSW,16.0,68.0,2.0,1030.0
8.0,WSW,16.0,68.0,2.0,1030.0
8.0,WSW,16.0,68.0,2.0,1030.0
8.0,WSW,16.0,68.0,2.0,1030.0
8.0,WSW,16.0,68.0,2.0,1030.0
8.0,WSW,16.0,68.0,2.0,1030.0
8.0,WSW,16.0,68.0,2.0,1030.0
8.0,WSW,16.0,68.0,2.0,1030.0
8.0,WSW,16.0,68.0,2.0,1030.0
8.0,WSW,16.0,68.0,2.0,1030.0
8.0,WSW,16.0,68.0,2.0,1030.0
8.0,WSW,16.0,68.0,2.0,1030.0
8.0,WSW,16.0,68.0,2.0,1030.0
8.0,WSW,16.0,68.0,2.0,1030.0
8.0,WSW,16.0,68.0,2.0,1030.0
8.0,WSW,16.0,68.0,2.0,1030.0
8.0,WSW,16.0,68.0,2.0,1030.0
8.0,WSW,16.0,68.0,2.0,1030.0
8.0,WSW,16.0,68.0,2.0,1030.0
8.0,WSW,16.0,68.0,2.0,1030.0
8.0,WSW,16.0,68.0,2.0,1030.0
8.0,WSW,16.0,68.0,2.0,1030.0
8.0,WSW,16.0,68.0,2.0,1030.0
8.0,WSW,16.0,68.0,2.0,1030.0
8.0,WSW,16.0,68.0,2.0,1030.0
8.0,WSW,16.0,68.0,2.0,1030.0
8.0,WSW,16.0,68.0,2.0,1030.0
8.0,WSW,16.0,68.0,2.0,1030.0
8.0,WSW,16.0,68.0,2.0,1030.0
8.0,WSW,16.0,68.0,2.0,1030.0
8.0,WSW,16.0,68.0,2.0,1030.0
8.0,WSW,16.0,68.0,2.0,1030.0
8.0,WSW,16.0,68.0,2.0,1030.0
8.0,WSW,16.0,68.0,2.0,1030.0
8.0,WSW,16.0,68.0,2.0,1030.0
8.0,WSW,16.0,68.0,2.0,1030.0
8.0,WSW,16.0,68.0,2.0,1030.0
8.0,WSW,16.0,68.0,2.0,1030.0
8.0,WSW,16.0,68.0,2.0,1030.0
8.0,WSW,16.0,68.0,2.0,1030.0
8.0,WSW,16.0,68.0,2.0,1030.0
8.0,WSW,16.0,68.0,2.0,1030.0
7.0,WSW,12.0,75.0,3.0,1029.0
7.0,WSW,12.0,75.0,3.0,1029.0
7.0,WSW,12.0,75.0,3.0,1029.0
7.0,WSW,12.0,75.0,3.0,1029.0
7.0,WSW,12.0,75.0,3.0,1029.0
7.0,WSW,12.0,75.0,3.0,1029.0
7.0,WSW,12.0,75.0,3.0,1029.0
7.0,WSW,12.0,75.0,3.0,1029.0
7.0,WSW,12.0,75.0,3.0,1029.0
7.0,WSW,12.0,75.0,3.0,1029.0
7.0,WSW,12.0,75.0,3.0,1029.0
7.0,WSW,12.0,75.0,3.0,1029.0
7.0,WSW,12.0,75.0,3.0,1029.0
7.0,WSW,12.0,75.0,3.0,1029.0
7.0,WSW,12.0,75.0,3.0,1029.0
7.0,WSW,12.0,75.0,3.0,1029.0
7.0,WSW,12.0,75.0,3.0,1029.0
7.0,WSW,12.0,75.0,3.0,1029.0
7.0,WSW,12.0,75.0,3.0,1029.0
7.0,WSW,12.0,75.0,3.0,1029.0
7.0,WSW,12.0,75.0,3.0,1029.0
7.0,WSW,12.0,75.0,3.0,1029.0
7.0,WSW,12.0,75.0,3.0,1029.0
7.0,WSW,12.0,75.0,3.0,1029.0
7.0,WSW,12.0,75.0,3.0,1029.0
7.0,WSW,12.0,75.0,3.0,1029.0
6.0,WSW,12.0,81.0,3.0,1029.0
6.0,WSW,12.0,81.0,3.0,1029.0
6.0,WSW,12.0,81.0,3.0,1029.0
6.0,WSW,12.0,81.0,3.0,1029.0
6.0,WSW,12.0,81.0,3.0,1029.0
6.0,WSW,12.0,81.0,3.0,1029.0
6.0,WSW,12.0,81.0,3.0,1029.0
6.0,WSW,12.0,81.0,3.0,1029.0
6.0,WSW,12.0,81.0,3.0,1029.0
6.0,WSW,12.0,81.0,3.0,1029.0
6.0,WSW,12.0,81.0,3.0,1029.0
6.0,WSW,12.0,81.0,3.0,1029.0
5.0,SW,13.0,87.0,3.0,1028.0
4.0,SW,14.0,92.0,3.0,1026.0
4.0,SW,14.0,92.0,3.0,1026.0
4.0,SW,15.0,92.0,3.0,1026.0
4.0,SW,15.0,92.0,3.0,1026.0
4.0,SW,15.0,92.0,3.0,1026.0
4.0,SW,15.0,92.0,3.0,1026.0
4.0,SW,15.0,92.0,3.0,1026.0
4.0,SW,15.0,92.0,3.0,1026.0
4.0,SW,15.0,92.0,3.0,1026.0
4.0,SW,15.0,92.0,3.0,1026.0
4.0,SW,15.0,92.0,3.0,1026.0
8.0,SW,14.0,92.0,7.0,1024.0
8.0,SW,14.0,92.0,7.0,1024.0
8.0,SW,14.0,92.0,7.0,1024.0
8.0,SW,14.0,92.0,7.0,1024.0
12.0,WNW,15.0,69.0,6.0,1026.0
12.0,WNW,15.0,69.0,6.0,1026.0
12.0,WNW,15.0,69.0,6.0,1027.0
12.0,WNW,15.0,69.0,6.0,1027.0
12.0,WNW,15.0,69.0,6.0,1027.0
12.0,WNW,15.0,69.0,6.0,1027.0
12.0,WNW,15.0,67.0,6.0,1027.0
12.0,WNW,15.0,67.0,6.0,1027.0
12.0,WNW,15.0,67.0,6.0,1027.0
8.0,NW,15.0,70.0,3.0,1030.0
8.0,NW,15.0,70.0,3.0,1030.0
6.0,WNW,11.0,81.0,3.0,1033.0
6.0,WNW,11.0,81.0,3.0,1033.0
6.0,WNW,11.0,81.0,3.0,1033.0
6.0,WNW,11.0,81.0,3.0,1033.0
6.0,WNW,11.0,81.0,3.0,1033.0
6.0,WNW,11.0,81.0,3.0,1033.0
6.0,WNW,11.0,81.0,3.0,1033.0
6.0,WNW,11.0,81.0,3.0,1033.0
6.0,WNW,11.0,81.0,3.0,1033.0
6.0,WNW,11.0,81.0,3.0,1033.0
6.0,WNW,11.0,81.0,3.0,1033.0
6.0,WNW,11.0,81.0,3.0,1033.0
6.0,WNW,11.0,81.0,3.0,1033.0
5.0,WNW,11.0,85.0,3.0,1033.0
5.0,WNW,11.0,85.0,3.0,1033.0
5.0,WNW,11.0,85.0,3.0,1033.0
5.0,WNW,11.0,85.0,3.0,1033.0
5.0,WNW,11.0,85.0,3.0,1033.0
2.0,ESE,6.0,96.0,2.0,1035.0
2.0,ESE,6.0,96.0,2.0,1035.0
2.0,ESE,6.0,96.0,2.0,1035.0
2.0,ESE,6.0,96.0,2.0,1035.0
2.0,ESE,6.0,96.0,2.0,1035.0
6.0,SW,6.0,86.0,4.0,1034.0
6.0,SW,6.0,86.0,4.0,1034.0
9.0,SW,18.0,79.0,5.0,1030.0
9.0,SW,18.0,79.0,5.0,1030.0
9.0,SW,18.0,79.0,5.0,1030.0
9.0,SW,18.0,79.0,5.0,1030.0
9.0,SW,18.0,79.0,5.0,1030.0
9.0,SW,18.0,79.0,5.0,1030.0
9.0,SW,18.0,79.0,5.0,1030.0
9.0,SW,18.0,79.0,5.0,1030.0
9.0,SW,18.0,79.0,5.0,1030.0
9.0,SW,18.0,79.0,5.0,1030.0
10.0,SW,19.0,78.0,6.0,1028.0
10.0,SW,19.0,78.0,6.0,1028.0
