2022-01-16 11:19:04,92.5,887.0,877.0, LED OFF ,0.0,0.0,0.0,292.5,WNW,763.0,6.2,102401.52
2022-01-16 11:19:10,92.4,894.0,869.0, LED OFF ,0.0,0.0,0.0,292.5,WNW,759.0,6.2,102401.85
2022-01-16 11:19:16,92.5,892.0,868.0, LED OFF ,0.0,0.0,0.0,292.5,WNW,759.0,6.2,102400.72
2022-01-16 11:19:22,92.5,893.0,868.0, LED OFF ,0.0,0.0,0.0,292.5,WNW,759.0,6.2,102401.47
2022-01-16 11:19:28,92.5,894.0,869.0, LED OFF ,0.0,0.0,0.0,292.5,WNW,759.0,6.2,102400.16
2022-01-16 11:19:34,92.6,892.0,867.0, LED OFF ,0.0,0.0,0.0,292.5,WNW,759.0,6.2,102400.72
2022-01-16 11:22:05,89.5,913.0,875.0, LED OFF ,0.0,0.0,0.0,315.0,NW,620.0,7.5,102405.11
2022-01-16 11:22:11,89.3,918.0,866.0, LED OFF ,0.0,0.0,0.0,315.0,NW,615.0,7.5,102403.99
2022-01-16 11:22:17,89.1,917.0,865.0, LED OFF ,0.0,0.0,0.0,315.0,NW,611.0,7.4,102403.16
2022-01-16 11:22:23,88.7,915.0,865.0, LED OFF ,0.0,0.0,0.0,315.0,NW,611.0,7.4,102402.0
2022-01-16 11:22:29,88.4,916.0,865.0, LED OFF ,0.0,0.0,0.0,315.0,NW,611.0,7.3,102401.74
2022-01-16 11:22:35,88.3,918.0,865.0, LED OFF ,0.0,0.0,0.0,315.0,NW,606.0,7.3,102402.39
2022-01-16 11:22:41,88.3,917.0,865.0, LED OFF ,0.0,0.0,0.0,315.0,NW,606.0,7.3,102402.17
2022-01-16 11:22:47,88.4,918.0,865.0, LED OFF ,0.0,0.0,0.0,315.0,NW,606.0,7.2,102402.41
2022-01-16 11:22:53,88.5,916.0,865.0, LED OFF ,0.0,0.0,0.0,315.0,NW,606.0,7.2,102402.02
2022-01-16 11:22:59,88.6,915.0,865.0, LED OFF ,0.0,0.0,0.0,315.0,NW,606.0,7.2,102402.78
2022-01-16 11:23:05,88.6,915.0,865.0, LED OFF ,0.0,0.0,0.0,315.0,NW,606.0,7.1,102402.78
2022-01-16 11:23:11,88.7,916.0,865.0, LED OFF ,0.0,0.0,0.0,315.0,NW,602.0,7.1,102403.11
2022-01-16 11:23:17,88.7,916.0,865.0, LED OFF ,0.0,0.0,0.0,315.0,NW,602.0,7.1,102403.6
2022-01-16 11:23:23,88.8,917.0,865.0, LED OFF ,0.0,0.0,0.0,315.0,NW,602.0,7.0,102403.85
2022-01-16 11:23:29,88.9,918.0,865.0, LED OFF ,0.0,0.0,0.0,315.0,NW,602.0,7.0,102402.85
2022-01-16 11:23:35,89.0,918.0,865.0, LED OFF ,0.0,0.0,0.0,315.0,NW,597.0,6.9,102403.13
2022-01-16 11:23:41,89.1,918.0,865.0, LED OFF ,0.0,0.0,0.0,315.0,NW,602.0,6.9,102402.8
2022-01-16 11:23:47,89.2,918.0,864.0, LED OFF ,0.0,0.0,0.0,315.0,NW,602.0,6.9,102402.86
2022-01-16 11:23:53,89.3,917.0,865.0, LED OFF ,0.0,0.0,0.0,315.0,NW,602.0,6.9,102402.86
2022-01-16 11:23:59,89.5,917.0,865.0, LED OFF ,0.0,0.0,0.0,315.0,NW,597.0,6.9,102403.24
2022-01-16 11:24:06,89.7,916.0,864.0, LED OFF ,0.0,0.0,0.0,315.0,NW,602.0,6.8,102403.14
2022-01-16 11:24:11,89.8,916.0,864.0, LED OFF ,0.0,0.0,0.0,315.0,NW,597.0,6.8,102402.66
2022-01-16 11:24:18,90.0,916.0,864.0, LED OFF ,0.0,0.0,0.0,315.0,NW,597.0,6.8,102402.92
2022-01-16 11:24:24,90.1,916.0,865.0, LED OFF ,0.0,0.0,0.0,315.0,NW,597.0,6.8,102403.09
2022-01-16 11:24:30,89.9,916.0,865.0, LED OFF ,0.0,0.0,0.0,315.0,NW,597.0,6.8,102402.76
2022-01-16 11:24:36,89.7,916.0,865.0, LED OFF ,0.0,0.0,0.0,315.0,NW,597.0,6.8,102403.09
2022-01-16 11:24:42,89.7,918.0,865.0, LED OFF ,0.0,0.0,0.0,315.0,NW,593.0,6.7,102403.82
2022-01-16 11:24:48,89.9,919.0,865.0, LED OFF ,0.0,0.0,0.0,315.0,NW,593.0,6.7,102404.75
2022-01-16 11:24:54,90.1,918.0,865.0, LED OFF ,0.0,0.0,0.0,315.0,NW,597.0,6.7,102405.41
2022-01-16 11:25:00,90.1,917.0,865.0, LED OFF ,0.0,0.0,0.0,315.0,NW,593.0,6.7,102404.86
2022-01-16 11:25:06,90.3,917.0,865.0, LED OFF ,0.0,0.0,0.0,315.0,NW,593.0,6.7,102404.22
2022-01-16 11:25:12,90.4,916.0,865.0, LED OFF ,0.0,0.0,0.0,315.0,NW,593.0,6.7,102403.83
2022-01-16 11:25:18,90.5,916.0,865.0, LED OFF ,0.0,0.0,0.0,315.0,NW,593.0,6.7,102403.57
2022-01-16 11:25:24,90.5,916.0,866.0, LED OFF ,0.0,0.0,0.0,315.0,NW,593.0,6.6,102403.41
2022-01-16 11:25:30,90.7,917.0,866.0, LED OFF ,0.0,0.0,0.0,315.0,NW,593.0,6.6,102403.74
2022-01-16 11:25:36,90.8,918.0,865.0, LED OFF ,0.0,0.0,0.0,315.0,NW,593.0,6.6,102403.57
2022-01-16 11:25:42,90.9,918.0,865.0, LED OFF ,0.0,0.0,0.0,315.0,NW,593.0,6.7,102404.0
2022-01-16 11:25:48,90.9,918.0,866.0, LED OFF ,0.0,0.0,0.0,315.0,NW,593.0,6.6,102404.66
2022-01-16 11:25:54,91.0,916.0,866.0, LED OFF ,0.0,0.0,0.0,315.0,NW,593.0,6.6,102405.0
2022-01-16 11:26:00,90.9,916.0,866.0, LED OFF ,0.0,0.0,0.0,315.0,NW,593.0,6.6,102405.11
2022-01-16 11:26:06,91.0,916.0,866.0, LED OFF ,0.0,0.0,0.0,315.0,NW,593.0,6.6,102404.85
2022-01-16 11:26:12,91.0,917.0,867.0, LED OFF ,0.0,0.0,0.0,315.0,NW,588.0,6.6,102404.46
2022-01-16 11:26:18,91.1,918.0,866.0, LED OFF ,0.0,0.0,0.0,315.0,NW,588.0,6.6,102404.97
2022-01-16 11:26:24,91.0,918.0,867.0, LED OFF ,0.0,0.0,0.0,315.0,NW,588.0,6.6,102405.07
2022-01-16 11:26:30,91.0,915.0,863.0, LED OFF ,0.0,0.0,0.0,315.0,NW,588.0,6.6,102405.47
2022-01-16 11:26:36,91.0,917.0,864.0, LED OFF ,0.0,0.0,0.0,315.0,NW,588.0,6.6,102405.31
2022-01-16 11:26:42,91.1,919.0,867.0, LED OFF ,0.0,0.0,0.0,315.0,NW,588.0,6.6,102405.49
2022-01-16 11:26:48,91.1,917.0,867.0, LED OFF ,0.0,0.0,0.0,315.0,NW,588.0,6.6,102405.75
2022-01-16 11:26:54,91.2,916.0,867.0, LED OFF ,0.0,0.0,0.0,315.0,NW,588.0,6.6,102406.02
2022-01-16 11:27:00,91.3,919.0,868.0, LED OFF ,0.0,0.0,0.0,315.0,NW,588.0,6.5,102406.75
2022-01-16 11:27:06,91.3,916.0,867.0, LED OFF ,0.0,0.0,0.0,315.0,NW,588.0,6.5,102407.02
2022-01-16 11:27:12,91.3,918.0,868.0, LED OFF ,0.0,0.0,0.0,315.0,NW,588.0,6.5,102407.42
2022-01-16 11:27:18,91.4,919.0,868.0, LED OFF ,0.0,0.0,0.0,315.0,NW,588.0,6.5,102407.03
2022-01-16 11:27:24,91.4,918.0,868.0, LED OFF ,0.0,0.0,0.0,315.0,NW,588.0,6.6,102406.97
2022-01-16 11:27:30,91.4,916.0,867.0, LED OFF ,0.0,0.0,0.0,315.0,NW,588.0,6.5,102407.48
2022-01-16 11:27:36,91.4,917.0,868.0, LED OFF ,0.0,0.0,0.0,315.0,NW,588.0,6.5,102407.15
2022-01-16 11:27:42,91.4,919.0,868.0, LED OFF ,0.0,0.0,0.0,315.0,NW,588.0,6.5,102408.53
2022-01-16 11:27:48,91.4,919.0,868.0, LED OFF ,0.0,0.0,0.0,315.0,NW,593.0,6.5,102407.88
2022-01-16 11:27:54,91.2,917.0,867.0, LED OFF ,0.0,0.0,0.0,315.0,NW,588.0,6.5,102408.04
2022-01-16 11:28:00,91.2,916.0,867.0, LED OFF ,0.0,0.0,0.0,247.5,WSW,588.0,6.5,102408.7
2022-01-16 11:28:06,91.2,917.0,867.0, LED OFF ,0.0,0.0,0.0,247.5,WSW,588.0,6.5,102408.53
2022-01-16 11:28:12,91.2,919.0,867.0, LED OFF ,0.0,0.0,0.0,225.0,SW,588.0,6.5,102409.13
2022-01-16 11:28:18,91.2,917.0,866.0, LED OFF ,0.0,0.0,0.0,225.0,SW,588.0,6.5,102408.91
2022-01-16 11:28:24,91.2,916.0,866.0, LED OFF ,0.0,0.0,0.0,225.0,SW,584.0,6.5,102409.57
2022-01-16 11:28:30,91.1,917.0,866.0, LED OFF ,0.0,0.0,0.0,225.0,SW,588.0,6.5,102410.24
2022-01-16 11:28:36,91.2,918.0,867.0, LED OFF ,0.0,0.0,0.0,225.0,SW,588.0,6.5,102410.31
2022-01-16 11:28:42,91.3,918.0,866.0, LED OFF ,0.0,0.0,0.0,225.0,SW,588.0,6.5,102410.41
2022-01-16 11:28:48,91.3,916.0,865.0, LED OFF ,0.0,0.0,0.0,225.0,SW,588.0,6.5,102410.74
2022-01-16 11:28:54,91.4,918.0,865.0, LED OFF ,0.0,0.0,0.0,225.0,SW,588.0,6.5,102411.5
2022-01-16 11:29:00,91.4,919.0,865.0, LED OFF ,0.0,0.0,0.0,225.0,SW,588.0,6.5,102412.07
2022-01-16 11:29:06,91.5,919.0,866.0, LED OFF ,0.0,0.0,0.0,225.0,SW,588.0,6.5,102412.5
2022-01-16 11:29:12,91.5,919.0,865.0, LED OFF ,0.0,0.0,0.0,225.0,SW,588.0,6.5,102412.51
2022-01-16 11:29:18,91.6,917.0,864.0, LED OFF ,0.0,0.0,0.0,225.0,SW,588.0,6.5,102412.78
2022-01-16 11:29:24,91.6,917.0,864.0, LED OFF ,0.0,0.0,0.0,225.0,SW,588.0,6.5,102412.46
2022-01-16 11:29:30,91.5,918.0,864.0, LED OFF ,0.0,0.0,0.0,225.0,SW,588.0,6.5,102411.8
2022-01-16 11:29:36,91.6,918.0,864.0, LED OFF ,0.0,0.0,0.0,225.0,SW,588.0,6.4,102411.87
2022-01-16 11:29:42,91.6,918.0,864.0, LED OFF ,0.0,0.0,0.0,225.0,SW,588.0,6.4,102412.46
2022-01-16 11:29:48,91.7,917.0,863.0, LED OFF ,0.0,0.0,0.0,225.0,SW,588.0,6.5,102411.97
2022-01-16 11:29:54,91.8,917.0,864.0, LED OFF ,0.0,0.0,0.0,225.0,SW,588.0,6.5,102411.81
2022-01-16 11:30:00,91.8,916.0,863.0, LED OFF ,0.0,0.0,0.0,225.0,SW,588.0,6.4,102411.21
2022-01-16 11:30:06,91.8,916.0,863.0, LED OFF ,0.0,0.0,0.0,225.0,SW,588.0,6.5,102411.21
2022-01-16 11:30:12,91.8,916.0,863.0, LED OFF ,0.0,0.0,0.0,225.0,SW,588.0,6.4,102410.88
2022-01-16 11:30:18,91.7,916.0,863.0, LED OFF ,0.0,0.0,0.0,225.0,SW,588.0,6.4,102410.71
2022-01-16 11:30:24,91.7,918.0,863.0, LED OFF ,0.0,0.0,0.0,225.0,SW,588.0,6.4,102410.71
2022-01-16 11:30:30,91.6,918.0,863.0, LED OFF ,0.0,0.0,0.0,225.0,SW,588.0,6.4,102410.71
2022-01-16 11:30:36,91.6,919.0,863.0, LED OFF ,0.0,0.0,0.0,225.0,SW,584.0,6.4,102410.22
2022-01-16 11:30:42,91.6,918.0,863.0, LED OFF ,0.0,0.0,0.0,225.0,SW,588.0,6.4,102410.57
2022-01-16 11:30:48,91.6,917.0,862.0, LED OFF ,0.0,0.0,0.0,225.0,SW,588.0,6.4,102410.5
2022-01-16 11:30:54,91.6,916.0,861.0, LED OFF ,0.0,0.0,0.0,225.0,SW,588.0,6.4,102410.34
2022-01-16 11:31:00,91.7,916.0,862.0, LED OFF ,0.0,0.0,0.0,225.0,SW,588.0,6.4,102411.1
2022-01-16 11:31:06,91.7,918.0,862.0, LED OFF ,0.0,0.0,0.0,225.0,SW,588.0,6.4,102410.61
2022-01-16 11:31:12,91.7,919.0,862.0, LED OFF ,0.0,0.0,0.0,225.0,SW,588.0,6.4,102409.96
2022-01-16 11:31:18,91.7,917.0,861.0, LED OFF ,0.0,0.0,0.0,225.0,SW,588.0,6.5,102409.37
2022-01-16 11:31:24,91.7,917.0,862.0, LED OFF ,0.0,0.0,0.0,225.0,SW,588.0,6.4,102408.71
2022-01-16 11:31:30,91.8,919.0,861.0, LED OFF ,0.0,0.0,0.0,225.0,SW,588.0,6.4,102408.55
2022-01-16 11:31:36,91.7,917.0,861.0, LED OFF ,0.0,0.0,0.0,225.0,SW,588.0,6.4,102409.21
2022-01-16 11:31:42,91.8,916.0,861.0, LED OFF ,0.0,0.0,0.0,225.0,SW,588.0,6.4,102408.82
2022-01-16 11:31:48,91.8,919.0,861.0, LED OFF ,0.0,0.0,0.0,225.0,SW,588.0,6.4,102408.39
2022-01-16 11:31:55,91.9,918.0,861.0, LED OFF ,0.0,0.0,0.0,202.5,SSW,588.0,6.4,102407.69
2022-01-16 11:32:01,92.0,915.0,861.0, LED OFF ,0.0,0.0,0.0,202.5,SSW,588.0,6.4,102407.05
2022-01-16 11:32:07,92.1,918.0,861.0, LED OFF ,0.0,0.0,0.0,202.5,SSW,584.0,6.4,102405.78
2022-01-16 11:32:13,92.2,919.0,861.0, LED OFF ,0.0,0.0,0.0,202.5,SSW,584.0,6.4,102406.25
2022-01-16 11:32:19,92.3,918.0,861.0, LED OFF ,0.0,0.0,0.0,202.5,SSW,584.0,6.5,102406.43
2022-01-16 11:32:25,92.4,916.0,861.0, LED OFF ,0.0,0.0,0.0,202.5,SSW,588.0,6.5,102406.12
2022-01-16 11:32:31,92.4,917.0,860.0, LED OFF ,1.0,19.0,1.09,202.5,SSW,588.0,6.5,102404.8
2022-01-16 11:32:37,92.4,918.0,861.0, LED OFF ,0.0,0.0,0.0,202.5,SSW,593.0,6.4,102404.91
2022-01-16 11:32:43,92.5,919.0,862.0, LED OFF ,0.0,0.0,0.0,202.5,SSW,588.0,6.5,102404.6
2022-01-16 11:32:49,92.5,919.0,861.0, LED OFF ,0.0,0.0,0.0,202.5,SSW,593.0,6.5,102404.37
2022-01-16 11:32:55,92.5,919.0,861.0, LED OFF ,0.0,0.0,0.0,202.5,SSW,597.0,6.5,102403.88
2022-01-16 11:33:01,92.5,918.0,861.0, LED OFF ,0.0,0.0,0.0,202.5,SSW,593.0,6.5,102403.89
2022-01-16 11:33:07,92.6,917.0,861.0, LED OFF ,0.0,0.0,0.0,202.5,SSW,593.0,6.5,102404.55
2022-01-16 11:33:13,92.6,917.0,860.0, LED OFF ,0.0,0.0,0.0,202.5,SSW,597.0,6.5,102405.31
2022-01-16 11:33:19,92.6,916.0,860.0, LED OFF ,0.0,0.0,0.0,202.5,SSW,597.0,6.4,102404.11
2022-01-16 11:33:25,92.6,915.0,861.0, LED OFF ,0.0,0.0,0.0,202.5,SSW,597.0,6.5,102403.88
2022-01-16 11:33:31,92.7,918.0,862.0, LED OFF ,0.0,0.0,0.0,202.5,SSW,597.0,6.5,102404.1
2022-01-16 11:33:37,92.7,918.0,861.0, LED OFF ,0.0,0.0,0.0,202.5,SSW,597.0,6.4,102403.86
2022-01-16 11:33:43,92.7,917.0,861.0, LED OFF ,0.0,0.0,0.0,202.5,SSW,597.0,6.5,102403.44
2022-01-16 11:33:49,92.7,916.0,860.0, LED OFF ,0.0,0.0,0.0,202.5,SSW,597.0,6.5,102403.21
2022-01-16 11:33:55,92.8,915.0,861.0, LED OFF ,0.0,0.0,0.0,202.5,SSW,597.0,6.4,102403.39
2022-01-16 11:34:01,92.8,916.0,861.0, LED OFF ,0.0,0.0,0.0,202.5,SSW,597.0,6.5,102403.62
2022-01-16 11:34:07,92.8,917.0,861.0, LED OFF ,0.0,0.0,0.0,202.5,SSW,597.0,6.5,102403.83
2022-01-16 11:34:13,92.8,918.0,862.0, LED OFF ,0.0,0.0,0.0,202.5,SSW,593.0,6.5,102404.07
2022-01-16 11:34:19,92.9,918.0,862.0, LED OFF ,0.0,0.0,0.0,202.5,SSW,593.0,6.4,102403.19
2022-01-16 11:34:25,92.9,917.0,862.0, LED OFF ,0.0,0.0,0.0,202.5,SSW,593.0,6.5,102402.87
2022-01-16 11:34:31,93.0,916.0,862.0, LED OFF ,0.0,0.0,0.0,202.5,SSW,593.0,6.5,102402.99
2022-01-16 11:34:37,93.0,916.0,862.0, LED OFF ,0.0,0.0,0.0,202.5,SSW,593.0,6.5,102402.61
2022-01-16 11:34:43,93.0,916.0,862.0, LED OFF ,0.0,0.0,0.0,202.5,SSW,593.0,6.5,102403.11
2022-01-16 11:34:49,93.1,916.0,862.0, LED OFF ,0.0,0.0,0.0,202.5,SSW,593.0,6.5,102403.72
2022-01-16 11:34:55,93.1,916.0,863.0, LED OFF ,0.0,0.0,0.0,202.5,SSW,593.0,6.5,102404.07
2022-01-16 11:35:01,93.1,916.0,863.0, LED OFF ,0.0,0.0,0.0,202.5,SSW,593.0,6.5,102403.48
2022-01-16 11:35:07,93.1,916.0,862.0, LED OFF ,0.0,0.0,0.0,202.5,SSW,588.0,6.5,102404.57
2022-01-16 11:35:13,93.1,916.0,863.0, LED OFF ,0.0,0.0,0.0,202.5,SSW,588.0,6.5,102404.41
2022-01-16 11:35:19,93.1,917.0,863.0, LED OFF ,0.0,0.0,0.0,202.5,SSW,588.0,6.5,102404.03
2022-01-16 11:35:25,93.0,916.0,863.0, LED OFF ,0.0,0.0,0.0,202.5,SSW,588.0,6.5,102404.19
2022-01-16 11:35:31,93.0,916.0,864.0, LED OFF ,0.0,0.0,0.0,202.5,SSW,588.0,6.5,102404.41
2022-01-16 11:35:37,92.9,916.0,864.0, LED OFF ,0.0,0.0,0.0,202.5,SSW,588.0,6.5,102404.27
2022-01-16 11:35:43,92.9,916.0,865.0, LED OFF ,0.0,0.0,0.0,202.5,SSW,588.0,6.5,102404.36
2022-01-16 11:35:49,92.9,917.0,865.0, LED OFF ,0.0,0.0,0.0,202.5,SSW,588.0,6.5,102404.19
2022-01-16 11:35:55,92.8,918.0,864.0, LED OFF ,0.0,0.0,0.0,202.5,SSW,593.0,6.5,102403.86
2022-01-16 11:36:01,92.8,917.0,866.0, LED OFF ,0.0,0.0,0.0,202.5,SSW,588.0,6.5,102404.69
2022-01-16 11:36:07,92.8,917.0,866.0, LED OFF ,0.0,0.0,0.0,202.5,SSW,593.0,6.5,102404.25
2022-01-16 11:36:13,92.9,915.0,866.0, LED OFF ,0.0,0.0,0.0,202.5,SSW,593.0,6.5,102404.58
2022-01-16 11:36:19,92.8,916.0,866.0, LED OFF ,0.0,0.0,0.0,202.5,SSW,593.0,6.5,102404.41
2022-01-16 11:36:25,92.9,917.0,867.0, LED OFF ,0.0,0.0,0.0,202.5,SSW,593.0,6.5,102405.5
2022-01-16 11:36:31,92.9,918.0,867.0, LED OFF ,0.0,0.0,0.0,202.5,SSW,588.0,6.5,102404.75
2022-01-16 11:36:37,92.9,918.0,867.0, LED OFF ,0.0,0.0,0.0,202.5,SSW,588.0,6.5,102403.98
2022-01-16 11:36:43,93.0,918.0,867.0, LED OFF ,0.0,0.0,0.0,202.5,SSW,588.0,6.5,102403.39
2022-01-16 11:36:49,93.0,917.0,867.0, LED OFF ,0.0,0.0,0.0,202.5,SSW,588.0,6.5,102403.0
2022-01-16 11:39:01,93.0,892.0,852.0, LED OFF ,1.0,20.0,1.15,202.5,SSW,579.0,6.5,102386.27
2022-01-16 11:39:07,92.9,916.0,862.0, LED OFF ,1.0,20.0,1.15,202.5,SSW,579.0,6.6,102392.28
2022-01-16 11:39:13,93.0,914.0,861.0, LED OFF ,0.0,0.0,0.0,202.5,SSW,579.0,6.5,102395.24
2022-01-16 11:39:19,92.9,914.0,861.0, LED OFF ,0.0,0.0,0.0,202.5,SSW,579.0,6.5,102396.71
2022-01-16 11:39:25,92.9,915.0,861.0, LED OFF ,0.0,0.0,0.0,202.5,SSW,579.0,6.6,102397.37
2022-01-16 11:39:31,92.8,918.0,862.0, LED OFF ,0.0,0.0,0.0,202.5,SSW,579.0,6.6,102397.6
2022-01-16 11:39:37,92.8,918.0,862.0, LED OFF ,0.0,0.0,0.0,202.5,SSW,579.0,6.5,102396.83
2022-01-16 11:39:43,92.7,916.0,862.0, LED OFF ,0.0,0.0,0.0,202.5,SSW,584.0,6.5,102396.67
2022-01-16 11:39:49,92.6,916.0,862.0, LED OFF ,0.0,0.0,0.0,202.5,SSW,588.0,6.6,102395.58
2022-01-16 11:39:55,92.6,918.0,863.0, LED OFF ,0.0,0.0,0.0,202.5,SSW,588.0,6.5,102395.25
2022-01-16 11:40:01,92.6,919.0,863.0, LED OFF ,0.0,0.0,0.0,202.5,SSW,588.0,6.6,102395.07
2022-01-16 11:40:07,92.6,919.0,863.0, LED OFF ,0.0,0.0,0.0,202.5,SSW,588.0,6.5,102395.3
2022-01-16 11:40:13,92.7,918.0,862.0, LED OFF ,0.0,0.0,0.0,202.5,SSW,593.0,6.6,102395.46
2022-01-16 11:40:19,92.7,917.0,862.0, LED OFF ,0.0,0.0,0.0,202.5,SSW,588.0,6.6,102394.46
2022-01-16 11:40:25,92.7,917.0,862.0, LED OFF ,0.0,0.0,0.0,202.5,SSW,593.0,6.6,102394.3
2022-01-16 11:40:31,92.8,917.0,863.0, LED OFF ,0.0,0.0,0.0,202.5,SSW,588.0,6.6,102393.86
2022-01-16 11:40:37,92.8,917.0,861.0, LED OFF ,0.0,0.0,0.0,202.5,SSW,588.0,6.6,102393.8
2022-01-16 11:40:43,92.9,917.0,862.0, LED OFF ,0.0,0.0,0.0,202.5,SSW,588.0,6.6,102393.32
2022-01-16 11:40:49,92.9,917.0,861.0, LED OFF ,0.0,0.0,0.0,202.5,SSW,588.0,6.6,102393.91
2022-01-16 11:40:55,92.9,917.0,862.0, LED OFF ,0.0,0.0,0.0,202.5,SSW,588.0,6.6,102393.91
2022-01-16 11:41:01,92.9,918.0,862.0, LED OFF ,0.0,0.0,0.0,202.5,SSW,593.0,6.6,102392.5
2022-01-16 11:41:07,93.0,918.0,862.0, LED OFF ,0.0,0.0,0.0,202.5,SSW,588.0,6.6,102392.46
2022-01-16 11:41:13,93.0,919.0,861.0, LED OFF ,0.0,0.0,0.0,202.5,SSW,588.0,6.6,102391.41
2022-01-16 11:41:19,93.0,920.0,862.0, LED OFF ,0.0,0.0,0.0,202.5,SSW,588.0,6.6,102391.97
2022-01-16 11:41:25,93.1,919.0,861.0, LED OFF ,0.0,0.0,0.0,202.5,SSW,588.0,6.6,102390.43
2022-01-16 11:41:31,93.1,919.0,862.0, LED OFF ,0.0,0.0,0.0,202.5,SSW,588.0,6.6,102389.63
2022-01-16 11:41:37,93.2,919.0,862.0, LED OFF ,0.0,0.0,0.0,202.5,SSW,588.0,6.6,102389.89
2022-01-16 11:41:44,93.2,919.0,862.0, LED OFF ,0.0,0.0,0.0,202.5,SSW,588.0,6.6,102388.47
2022-01-16 11:41:50,93.2,918.0,862.0, LED OFF ,0.0,0.0,0.0,202.5,SSW,588.0,6.6,102388.09
2022-01-16 11:41:56,93.3,917.0,862.0, LED OFF ,0.0,0.0,0.0,202.5,SSW,588.0,6.6,102388.32
2022-01-16 11:42:02,93.3,918.0,862.0, LED OFF ,0.0,0.0,0.0,315.0,NW,588.0,6.6,102388.32
2022-01-16 11:42:08,93.2,918.0,862.0, LED OFF ,0.0,0.0,0.0,315.0,NW,588.0,6.6,102387.71
2022-01-16 11:42:14,93.2,918.0,863.0, LED OFF ,0.0,0.0,0.0,315.0,NW,588.0,6.6,102387.88
2022-01-16 11:42:20,93.2,918.0,863.0, LED OFF ,0.0,0.0,0.0,315.0,NW,588.0,6.6,102387.71
2022-01-16 11:42:26,93.2,919.0,863.0, LED OFF ,0.0,0.0,0.0,315.0,NW,588.0,6.6,102386.73
2022-01-16 11:42:32,93.2,919.0,864.0, LED OFF ,0.0,0.0,0.0,315.0,NW,588.0,6.6,102386.67
2022-01-16 11:42:38,93.2,919.0,864.0, LED OFF ,0.0,0.0,0.0,315.0,NW,588.0,6.7,102387.1
2022-01-16 11:42:44,93.2,918.0,865.0, LED OFF ,0.0,0.0,0.0,315.0,NW,588.0,6.7,102388.0
2022-01-16 11:42:50,93.1,919.0,865.0, LED OFF ,0.0,0.0,0.0,315.0,NW,588.0,6.7,102387.77
2022-01-16 11:42:56,93.1,919.0,865.0, LED OFF ,0.0,0.0,0.0,315.0,NW,584.0,6.6,102387.35
2022-01-16 11:43:02,93.0,919.0,865.0, LED OFF ,0.0,0.0,0.0,315.0,NW,584.0,6.7,102386.96
2022-01-16 11:43:08,93.0,919.0,866.0, LED OFF ,0.0,0.0,0.0,315.0,NW,584.0,6.6,102385.92
2022-01-16 11:43:14,93.0,920.0,867.0, LED OFF ,0.0,0.0,0.0,315.0,NW,584.0,6.6,102385.82
2022-01-16 11:43:20,92.9,920.0,867.0, LED OFF ,0.0,0.0,0.0,315.0,NW,584.0,6.7,102385.17
2022-01-16 11:43:26,92.9,920.0,867.0, LED OFF ,0.0,0.0,0.0,315.0,NW,584.0,6.6,102385.1
2022-01-16 11:43:32,92.9,919.0,867.0, LED OFF ,0.0,0.0,0.0,315.0,NW,588.0,6.7,102385.5
2022-01-16 11:43:38,92.9,918.0,867.0, LED OFF ,0.0,0.0,0.0,315.0,NW,584.0,6.7,102384.3
2022-01-16 11:43:44,92.9,917.0,868.0, LED OFF ,0.0,0.0,0.0,315.0,NW,584.0,6.7,102383.91
2022-01-16 11:43:50,92.8,918.0,868.0, LED OFF ,0.0,0.0,0.0,315.0,NW,584.0,6.7,102383.92
2022-01-16 11:43:56,92.8,919.0,869.0, LED OFF ,0.0,0.0,0.0,315.0,NW,584.0,6.7,102383.99
2022-01-16 11:44:02,92.7,920.0,869.0, LED OFF ,0.0,0.0,0.0,315.0,NW,584.0,6.7,102384.75
2022-01-16 11:44:08,92.7,919.0,869.0, LED OFF ,0.0,0.0,0.0,315.0,NW,584.0,6.7,102384.42
2022-01-16 11:44:14,92.6,917.0,869.0, LED OFF ,0.0,0.0,0.0,315.0,NW,584.0,6.7,102384.1
2022-01-16 11:44:20,92.6,919.0,869.0, LED OFF ,0.0,0.0,0.0,315.0,NW,584.0,6.7,102383.55
2022-01-16 11:44:26,92.7,919.0,869.0, LED OFF ,0.0,0.0,0.0,315.0,NW,584.0,6.7,102383.94
2022-01-16 11:44:32,92.7,920.0,870.0, LED OFF ,0.0,0.0,0.0,315.0,NW,584.0,6.7,102384.05
2022-01-16 11:44:38,92.7,919.0,869.0, LED OFF ,0.0,0.0,0.0,315.0,NW,584.0,6.7,102383.72
2022-01-16 11:44:44,92.7,918.0,869.0, LED OFF ,0.0,0.0,0.0,315.0,NW,584.0,6.7,102383.39
2022-01-16 11:44:50,92.7,918.0,869.0, LED OFF ,0.0,0.0,0.0,315.0,NW,584.0,6.7,102383.79
2022-01-16 11:44:56,92.7,919.0,869.0, LED OFF ,0.0,0.0,0.0,315.0,NW,584.0,6.7,102384.39
2022-01-16 11:45:02,92.7,920.0,870.0, LED OFF ,0.0,0.0,0.0,315.0,NW,579.0,6.7,102384.66
2022-01-16 11:45:08,92.7,921.0,870.0, LED OFF ,0.0,0.0,0.0,315.0,NW,584.0,6.7,102384.16
2022-01-16 11:45:14,92.6,919.0,870.0, LED OFF ,0.0,0.0,0.0,315.0,NW,584.0,6.7,102384.49
2022-01-16 11:45:20,92.6,918.0,870.0, LED OFF ,0.0,0.0,0.0,315.0,NW,584.0,6.7,102384.72
2022-01-16 11:45:26,92.5,919.0,871.0, LED OFF ,0.0,0.0,0.0,315.0,NW,584.0,6.7,102384.57
2022-01-16 11:45:32,92.3,920.0,871.0, LED OFF ,0.0,0.0,0.0,315.0,NW,584.0,6.7,102384.24
2022-01-16 11:45:38,92.3,921.0,871.0, LED OFF ,0.0,0.0,0.0,315.0,NW,584.0,6.7,102383.35
2022-01-16 11:45:44,92.2,918.0,872.0, LED OFF ,0.0,0.0,0.0,315.0,NW,584.0,6.7,102383.36
2022-01-16 11:45:50,92.1,919.0,872.0, LED OFF ,0.0,0.0,0.0,315.0,NW,584.0,6.7,102383.71
2022-01-16 11:45:56,92.0,918.0,872.0, LED OFF ,0.0,0.0,0.0,315.0,NW,584.0,6.7,102383.16
2022-01-16 11:46:02,91.9,918.0,872.0, LED OFF ,0.0,0.0,0.0,315.0,NW,584.0,6.7,102383.0
2022-01-16 11:46:08,91.9,920.0,873.0, LED OFF ,0.0,0.0,0.0,315.0,NW,579.0,6.7,102383.27
2022-01-16 11:46:14,91.9,920.0,873.0, LED OFF ,0.0,0.0,0.0,315.0,NW,584.0,6.7,102383.34
2022-01-16 11:46:20,91.8,919.0,873.0, LED OFF ,0.0,0.0,0.0,315.0,NW,584.0,6.7,102383.77
2022-01-16 11:46:26,91.8,917.0,874.0, LED OFF ,0.0,0.0,0.0,315.0,NW,584.0,6.7,102384.77
2022-01-16 11:46:32,91.8,918.0,874.0, LED OFF ,0.0,0.0,0.0,315.0,NW,584.0,6.7,102384.87
2022-01-16 11:46:38,91.8,919.0,875.0, LED OFF ,0.0,0.0,0.0,315.0,NW,584.0,6.7,102384.78
2022-01-16 11:46:44,91.9,920.0,875.0, LED OFF ,0.0,0.0,0.0,315.0,NW,584.0,6.8,102385.54
2022-01-16 11:46:50,92.0,919.0,874.0, LED OFF ,0.0,0.0,0.0,315.0,NW,584.0,6.7,102386.03
2022-01-16 11:46:56,92.0,918.0,875.0, LED OFF ,0.0,0.0,0.0,315.0,NW,584.0,6.8,102385.71
2022-01-16 11:47:02,92.1,920.0,876.0, LED OFF ,0.0,0.0,0.0,315.0,NW,584.0,6.8,102385.87
2022-01-16 11:47:08,92.2,920.0,876.0, LED OFF ,0.0,0.0,0.0,315.0,NW,584.0,6.7,102386.76
2022-01-16 11:47:14,92.2,918.0,876.0, LED OFF ,0.0,0.0,0.0,315.0,NW,584.0,6.8,102386.2
2022-01-16 11:47:20,92.3,921.0,876.0, LED OFF ,0.0,0.0,0.0,315.0,NW,584.0,6.8,102386.6
2022-01-16 11:47:26,92.4,920.0,877.0, LED OFF ,0.0,0.0,0.0,315.0,NW,584.0,6.8,102387.14
2022-01-16 11:47:32,92.4,918.0,877.0, LED OFF ,0.0,0.0,0.0,315.0,NW,584.0,6.8,102387.53
2022-01-16 11:47:38,92.4,918.0,877.0, LED OFF ,0.0,0.0,0.0,315.0,NW,584.0,6.7,102387.37
2022-01-16 11:47:44,92.3,919.0,877.0, LED OFF ,0.0,0.0,0.0,315.0,NW,584.0,6.8,102387.81
2022-01-16 11:47:50,92.3,921.0,877.0, LED OFF ,0.0,0.0,0.0,315.0,NW,584.0,6.8,102388.03
2022-01-16 11:47:56,92.3,921.0,878.0, LED OFF ,0.0,0.0,0.0,315.0,NW,584.0,6.7,102388.32
2022-01-16 11:48:02,92.3,920.0,878.0, LED OFF ,0.0,0.0,0.0,315.0,NW,584.0,6.8,102388.41
2022-01-16 11:48:08,92.2,919.0,879.0, LED OFF ,0.0,0.0,0.0,315.0,NW,584.0,6.8,102388.82
2022-01-16 11:48:14,92.2,918.0,879.0, LED OFF ,0.0,0.0,0.0,315.0,NW,584.0,6.8,102389.74
2022-01-16 11:48:20,92.2,919.0,880.0, LED OFF ,0.0,0.0,0.0,315.0,NW,584.0,6.8,102390.3
2022-01-16 11:48:26,92.2,921.0,880.0, LED OFF ,0.0,0.0,0.0,315.0,NW,584.0,6.8,102390.25
2022-01-16 11:48:32,92.2,921.0,881.0, LED OFF ,0.0,0.0,0.0,315.0,NW,584.0,6.8,102389.85
2022-01-16 11:48:38,92.2,919.0,882.0, LED OFF ,0.0,0.0,0.0,315.0,NW,584.0,6.8,102390.58
2022-01-16 11:48:44,92.3,919.0,881.0, LED OFF ,0.0,0.0,0.0,315.0,NW,584.0,6.8,102390.69
2022-01-16 11:48:50,92.3,919.0,880.0, LED OFF ,0.0,0.0,0.0,315.0,NW,584.0,6.8,102391.25
2022-01-16 11:48:56,92.3,920.0,881.0, LED OFF ,0.0,0.0,0.0,315.0,NW,584.0,6.8,102391.36
2022-01-16 11:49:02,92.2,921.0,881.0, LED OFF ,0.0,0.0,0.0,315.0,NW,584.0,6.8,102391.13
2022-01-16 11:49:08,92.2,918.0,881.0, LED OFF ,0.0,0.0,0.0,315.0,NW,584.0,6.8,102390.71
2022-01-16 11:49:15,92.3,920.0,881.0, LED OFF ,0.0,0.0,0.0,315.0,NW,584.0,6.8,102391.54
2022-01-16 11:49:21,92.3,921.0,881.0, LED OFF ,0.0,0.0,0.0,315.0,NW,584.0,6.8,102391.49
2022-01-16 11:49:27,92.3,918.0,881.0, LED OFF ,0.0,0.0,0.0,315.0,NW,584.0,6.8,102391.66
2022-01-16 11:49:33,92.3,919.0,882.0, LED OFF ,0.0,0.0,0.0,315.0,NW,584.0,6.8,102391.82
2022-01-16 11:49:39,92.3,919.0,882.0, LED OFF ,0.0,0.0,0.0,315.0,NW,584.0,6.8,102392.0
2022-01-16 11:49:45,92.4,920.0,883.0, LED OFF ,0.0,0.0,0.0,315.0,NW,584.0,6.8,102392.27
2022-01-16 11:49:51,92.4,921.0,882.0, LED OFF ,0.0,0.0,0.0,315.0,NW,584.0,6.8,102392.21
2022-01-16 11:49:57,92.4,921.0,881.0, LED OFF ,0.0,0.0,0.0,315.0,NW,584.0,6.9,102391.62
2022-01-16 11:50:03,92.4,920.0,880.0, LED OFF ,0.0,0.0,0.0,315.0,NW,584.0,6.8,102391.39
2022-01-16 11:50:09,92.4,919.0,880.0, LED OFF ,0.0,0.0,0.0,315.0,NW,584.0,6.9,102392.33
2022-01-16 11:50:15,92.5,918.0,879.0, LED OFF ,0.0,0.0,0.0,315.0,NW,579.0,6.8,102392.52
2022-01-16 11:50:21,92.5,920.0,879.0, LED OFF ,0.0,0.0,0.0,315.0,NW,579.0,6.8,102391.77
2022-01-16 11:50:27,92.5,920.0,878.0, LED OFF ,0.0,0.0,0.0,315.0,NW,584.0,6.8,102392.37
2022-01-16 11:50:33,92.6,918.0,878.0, LED OFF ,0.0,0.0,0.0,315.0,NW,584.0,6.9,102392.86
2022-01-16 11:50:39,92.6,918.0,877.0, LED OFF ,0.0,0.0,0.0,315.0,NW,584.0,6.9,102393.19
2022-01-16 11:50:45,92.7,920.0,877.0, LED OFF ,0.0,0.0,0.0,315.0,NW,579.0,6.9,102393.53
2022-01-16 11:50:51,92.8,921.0,877.0, LED OFF ,0.0,0.0,0.0,315.0,NW,579.0,6.9,102394.53
2022-01-16 11:50:57,92.8,920.0,877.0, LED OFF ,0.0,0.0,0.0,315.0,NW,579.0,6.9,102394.41
2022-01-16 11:51:03,92.8,919.0,876.0, LED OFF ,0.0,0.0,0.0,315.0,NW,579.0,6.9,102394.42
2022-01-16 11:51:09,92.8,918.0,876.0, LED OFF ,0.0,0.0,0.0,315.0,NW,579.0,6.9,102394.49
2022-01-16 11:51:15,92.8,920.0,877.0, LED OFF ,0.0,0.0,0.0,315.0,NW,575.0,6.9,102394.16
2022-01-16 11:51:21,92.9,921.0,876.0, LED OFF ,0.0,0.0,0.0,315.0,NW,579.0,6.9,102394.86
2022-01-16 11:51:27,92.9,919.0,876.0, LED OFF ,0.0,0.0,0.0,315.0,NW,579.0,6.9,102394.39
2022-01-16 11:51:33,92.8,918.0,875.0, LED OFF ,0.0,0.0,0.0,315.0,NW,579.0,6.9,102394.07
2022-01-16 11:51:39,92.8,921.0,876.0, LED OFF ,0.0,0.0,0.0,315.0,NW,579.0,6.9,102394.17
2022-01-16 11:51:45,92.8,918.0,876.0, LED OFF ,0.0,0.0,0.0,315.0,NW,579.0,6.9,102394.91
2022-01-16 11:51:51,92.8,920.0,876.0, LED OFF ,0.0,0.0,0.0,45.0,NE,584.0,6.9,102395.24
2022-01-16 11:51:57,92.8,921.0,876.0, LED OFF ,0.0,0.0,0.0,45.0,NE,579.0,6.9,102395.34
2022-01-16 11:52:03,92.8,918.0,876.0, LED OFF ,0.0,0.0,0.0,45.0,NE,579.0,6.9,102396.1
2022-01-16 11:52:09,92.7,921.0,876.0, LED OFF ,0.0,0.0,0.0,45.0,NE,579.0,6.9,102396.67
2022-01-16 11:52:15,92.7,918.0,875.0, LED OFF ,0.0,0.0,0.0,45.0,NE,579.0,6.9,102395.85
2022-01-16 11:52:21,92.7,919.0,875.0, LED OFF ,0.0,0.0,0.0,45.0,NE,579.0,6.9,102396.01
2022-01-16 11:52:27,92.7,920.0,874.0, LED OFF ,0.0,0.0,0.0,45.0,NE,579.0,6.9,102395.94
2022-01-16 11:52:33,92.7,918.0,873.0, LED OFF ,0.0,0.0,0.0,45.0,NE,579.0,6.9,102396.92
2022-01-16 11:52:39,92.6,918.0,874.0, LED OFF ,0.0,0.0,0.0,45.0,NE,579.0,6.9,102397.32
2022-01-16 11:52:45,92.6,919.0,874.0, LED OFF ,0.0,0.0,0.0,45.0,NE,579.0,6.9,102398.07
2022-01-16 11:52:51,92.7,920.0,874.0, LED OFF ,0.0,0.0,0.0,45.0,NE,579.0,6.9,102398.24
2022-01-16 11:52:57,92.7,920.0,874.0, LED OFF ,0.0,0.0,0.0,45.0,NE,579.0,6.9,102398.58
2022-01-16 11:53:03,92.7,920.0,874.0, LED OFF ,0.0,0.0,0.0,45.0,NE,579.0,6.9,102398.82
2022-01-16 11:53:09,92.7,918.0,874.0, LED OFF ,0.0,0.0,0.0,45.0,NE,579.0,6.9,102399.08
2022-01-16 11:53:15,92.7,918.0,874.0, LED OFF ,0.0,0.0,0.0,45.0,NE,579.0,6.9,102399.19
2022-01-16 11:53:21,92.8,919.0,874.0, LED OFF ,0.0,0.0,0.0,45.0,NE,579.0,6.9,102399.35
2022-01-16 11:53:27,92.8,920.0,874.0, LED OFF ,0.0,0.0,0.0,45.0,NE,579.0,6.9,102399.75
2022-01-16 11:53:33,92.8,921.0,874.0, LED OFF ,0.0,0.0,0.0,45.0,NE,575.0,6.9,102399.67
2022-01-16 11:53:39,92.8,921.0,874.0, LED OFF ,0.0,0.0,0.0,45.0,NE,575.0,6.9,102400.08
2022-01-16 11:53:45,92.8,920.0,874.0, LED OFF ,0.0,0.0,0.0,45.0,NE,575.0,6.9,102400.24
2022-01-16 11:53:51,92.8,919.0,874.0, LED OFF ,0.0,0.0,0.0,45.0,NE,579.0,6.9,102401.66
2022-01-16 11:53:57,92.7,919.0,874.0, LED OFF ,0.0,0.0,0.0,45.0,NE,579.0,6.9,102401.57
2022-01-16 11:54:03,92.7,918.0,874.0, LED OFF ,0.0,0.0,0.0,45.0,NE,579.0,6.9,102401.07
2022-01-16 11:54:09,92.7,918.0,874.0, LED OFF ,0.0,0.0,0.0,45.0,NE,579.0,6.9,102401.5
2022-01-16 11:54:15,92.7,920.0,874.0, LED OFF ,0.0,0.0,0.0,45.0,NE,579.0,6.9,102402.0
2022-01-16 11:54:21,92.7,920.0,874.0, LED OFF ,0.0,0.0,0.0,45.0,NE,579.0,6.9,102402.16
2022-01-16 11:54:27,92.7,920.0,874.0, LED OFF ,0.0,0.0,0.0,45.0,NE,579.0,6.9,102403.42
2022-01-16 11:54:33,92.7,920.0,874.0, LED OFF ,0.0,0.0,0.0,45.0,NE,579.0,6.9,102404.64
2022-01-16 11:54:39,92.7,920.0,874.0, LED OFF ,0.0,0.0,0.0,45.0,NE,579.0,6.9,102403.82
2022-01-16 11:54:45,92.8,920.0,874.0, LED OFF ,0.0,0.0,0.0,45.0,NE,579.0,7.0,102404.09
2022-01-16 11:54:51,92.8,919.0,874.0, LED OFF ,0.0,0.0,0.0,45.0,NE,579.0,6.9,102404.09
2022-01-16 11:54:57,92.8,920.0,874.0, LED OFF ,0.0,0.0,0.0,45.0,NE,579.0,6.9,102404.49
2022-01-16 11:55:03,92.9,920.0,874.0, LED OFF ,0.0,0.0,0.0,45.0,NE,579.0,6.9,102404.65
2022-01-16 11:55:09,92.9,921.0,874.0, LED OFF ,0.0,0.0,0.0,45.0,NE,579.0,6.9,102405.8
2022-01-16 11:55:15,92.9,921.0,874.0, LED OFF ,0.0,0.0,0.0,45.0,NE,579.0,7.0,102405.8
2022-01-16 11:55:21,92.8,920.0,873.0, LED OFF ,0.0,0.0,0.0,45.0,NE,579.0,6.9,102406.3
2022-01-16 11:55:27,92.8,919.0,873.0, LED OFF ,0.0,0.0,0.0,45.0,NE,579.0,6.9,102406.57
2022-01-16 11:55:33,92.8,918.0,873.0, LED OFF ,0.0,0.0,0.0,45.0,NE,579.0,7.0,102406.13
2022-01-16 11:55:39,92.8,919.0,873.0, LED OFF ,0.0,0.0,0.0,45.0,NE,579.0,6.9,102406.89
2022-01-16 11:55:45,92.8,919.0,873.0, LED OFF ,0.0,0.0,0.0,45.0,NE,579.0,7.0,102406.57
2022-01-16 11:55:51,92.9,919.0,874.0, LED OFF ,0.0,0.0,0.0,45.0,NE,579.0,7.0,102407.99
2022-01-16 11:55:57,92.9,918.0,874.0, LED OFF ,0.0,0.0,0.0,45.0,NE,579.0,6.9,102408.04
2022-01-16 11:56:03,92.9,918.0,873.0, LED OFF ,0.0,0.0,0.0,45.0,NE,579.0,7.0,102409.36
2022-01-16 11:56:09,92.9,920.0,873.0, LED OFF ,0.0,0.0,0.0,45.0,NE,579.0,7.0,102409.58
2022-01-16 11:56:15,92.9,921.0,873.0, LED OFF ,0.0,0.0,0.0,45.0,NE,575.0,6.9,102409.75
2022-01-16 11:56:21,93.0,921.0,873.0, LED OFF ,0.0,0.0,0.0,45.0,NE,575.0,7.0,102409.69
2022-01-16 11:56:27,93.0,921.0,874.0, LED OFF ,0.0,0.0,0.0,45.0,NE,575.0,7.0,102410.02
2022-01-16 11:56:33,93.0,922.0,873.0, LED OFF ,0.0,0.0,0.0,45.0,NE,575.0,7.0,102409.63
2022-01-16 11:56:39,93.0,921.0,873.0, LED OFF ,0.0,0.0,0.0,45.0,NE,575.0,7.0,102410.3
2022-01-16 11:56:46,92.9,920.0,873.0, LED OFF ,0.0,0.0,0.0,45.0,NE,579.0,7.0,102410.3
2022-01-16 11:56:52,92.9,919.0,873.0, LED OFF ,0.0,0.0,0.0,45.0,NE,575.0,6.9,102409.8
2022-01-16 11:56:58,92.8,919.0,872.0, LED OFF ,0.0,0.0,0.0,45.0,NE,575.0,7.0,102409.96
2022-01-16 11:57:04,92.8,919.0,872.0, LED OFF ,0.0,0.0,0.0,45.0,NE,575.0,6.9,102409.64
2022-01-16 11:57:10,92.7,920.0,872.0, LED OFF ,0.0,0.0,0.0,45.0,NE,575.0,7.0,102410.53
2022-01-16 11:57:16,92.7,920.0,872.0, LED OFF ,0.0,0.0,0.0,45.0,NE,579.0,6.9,102410.03
2022-01-16 11:57:22,92.6,921.0,871.0, LED OFF ,0.0,0.0,0.0,45.0,NE,579.0,7.0,102410.36
2022-01-16 11:57:28,92.6,921.0,871.0, LED OFF ,0.0,0.0,0.0,45.0,NE,579.0,6.9,102410.64
2022-01-16 11:57:34,92.7,922.0,871.0, LED OFF ,0.0,0.0,0.0,45.0,NE,579.0,7.0,102410.41
2022-01-16 11:57:40,92.7,922.0,870.0, LED OFF ,0.0,0.0,0.0,45.0,NE,579.0,6.9,102410.91
2022-01-16 11:57:46,92.7,920.0,870.0, LED OFF ,0.0,0.0,0.0,45.0,NE,579.0,7.0,102409.92
2022-01-16 11:57:52,92.8,920.0,869.0, LED OFF ,0.0,0.0,0.0,45.0,NE,579.0,6.9,102410.09
2022-01-16 11:57:58,92.8,919.0,869.0, LED OFF ,0.0,0.0,0.0,45.0,NE,579.0,7.0,102410.09
2022-01-16 11:58:04,92.8,919.0,868.0, LED OFF ,0.0,0.0,0.0,45.0,NE,579.0,6.9,102410.32
2022-01-16 11:58:10,92.8,920.0,867.0, LED OFF ,0.0,0.0,0.0,45.0,NE,579.0,7.0,102409.1
2022-01-16 11:58:16,92.8,921.0,868.0, LED OFF ,0.0,0.0,0.0,45.0,NE,579.0,7.0,102409.16
2022-01-16 11:58:22,92.8,922.0,868.0, LED OFF ,0.0,0.0,0.0,45.0,NE,579.0,7.0,102409.26
2022-01-16 11:58:28,92.8,922.0,868.0, LED OFF ,0.0,0.0,0.0,45.0,NE,579.0,7.0,102409.0
2022-01-16 11:58:34,92.8,920.0,867.0, LED OFF ,0.0,0.0,0.0,45.0,NE,579.0,6.9,102408.12
2022-01-16 11:58:40,92.8,921.0,866.0, LED OFF ,0.0,0.0,0.0,45.0,NE,579.0,7.0,102408.36
2022-01-16 11:58:46,92.8,920.0,867.0, LED OFF ,0.0,0.0,0.0,45.0,NE,575.0,7.0,102408.57
2022-01-16 11:58:52,92.8,919.0,866.0, LED OFF ,0.0,0.0,0.0,45.0,NE,575.0,7.0,102408.31
2022-01-16 11:58:58,92.8,919.0,866.0, LED OFF ,0.0,0.0,0.0,45.0,NE,575.0,7.0,102408.25
2022-01-16 11:59:04,92.8,920.0,866.0, LED OFF ,0.0,0.0,0.0,45.0,NE,570.0,7.0,102407.75
2022-01-16 11:59:10,92.8,922.0,866.0, LED OFF ,0.0,0.0,0.0,45.0,NE,575.0,7.0,102407.26
2022-01-16 11:59:16,92.8,922.0,866.0, LED OFF ,0.0,0.0,0.0,45.0,NE,575.0,7.0,102406.83
2022-01-16 11:59:22,92.8,922.0,865.0, LED OFF ,0.0,0.0,0.0,45.0,NE,575.0,7.0,102407.6
2022-01-16 11:59:28,92.8,920.0,865.0, LED OFF ,0.0,0.0,0.0,45.0,NE,575.0,7.0,102406.85
2022-01-16 11:59:34,92.8,919.0,865.0, LED OFF ,0.0,0.0,0.0,45.0,NE,570.0,7.0,102406.46
2022-01-16 11:59:40,92.8,919.0,865.0, LED OFF ,0.0,0.0,0.0,45.0,NE,575.0,7.0,102406.72
2022-01-16 11:59:46,92.7,920.0,865.0, LED OFF ,0.0,0.0,0.0,45.0,NE,575.0,7.0,102406.22
2022-01-16 11:59:52,92.6,920.0,865.0, LED OFF ,0.0,0.0,0.0,45.0,NE,575.0,7.0,102405.8
2022-01-16 11:59:58,92.6,920.0,864.0, LED OFF ,0.0,0.0,0.0,45.0,NE,575.0,7.0,102404.75
2022-01-16 12:00:04,92.6,920.0,863.0, LED OFF ,0.0,0.0,0.0,45.0,NE,575.0,7.0,102404.17
2022-01-16 12:00:10,92.6,920.0,864.0, LED OFF ,0.0,0.0,0.0,45.0,NE,575.0,7.0,102403.78
2022-01-16 12:00:16,92.6,920.0,864.0, LED OFF ,0.0,0.0,0.0,45.0,NE,575.0,7.0,102403.89
2022-01-16 12:00:22,92.6,920.0,864.0, LED OFF ,0.0,0.0,0.0,45.0,NE,575.0,6.9,102404.07
2022-01-16 12:00:28,92.6,920.0,864.0, LED OFF ,0.0,0.0,0.0,45.0,NE,575.0,7.0,102404.78
2022-01-16 12:00:34,92.6,921.0,864.0, LED OFF ,0.0,0.0,0.0,45.0,NE,579.0,7.0,102403.97
2022-01-16 12:00:40,92.7,921.0,863.0, LED OFF ,0.0,0.0,0.0,45.0,NE,579.0,7.0,102404.24
2022-01-16 12:00:46,92.7,921.0,864.0, LED OFF ,0.0,0.0,0.0,45.0,NE,579.0,7.0,102405.0
2022-01-16 12:00:52,92.8,921.0,863.0, LED OFF ,0.0,0.0,0.0,45.0,NE,575.0,7.0,102404.08
2022-01-16 12:00:58,92.8,921.0,864.0, LED OFF ,0.0,0.0,0.0,45.0,NE,575.0,7.0,102403.75
2022-01-16 12:01:04,92.7,921.0,863.0, LED OFF ,0.0,0.0,0.0,45.0,NE,575.0,7.0,102403.42
2022-01-16 12:01:10,92.7,920.0,863.0, LED OFF ,0.0,0.0,0.0,45.0,NE,575.0,7.0,102402.86
2022-01-16 12:01:16,92.8,921.0,864.0, LED OFF ,0.0,0.0,0.0,45.0,NE,575.0,7.0,102402.44
2022-01-16 12:01:22,92.8,920.0,864.0, LED OFF ,0.0,0.0,0.0,45.0,NE,575.0,7.0,102401.89
2022-01-16 12:01:28,92.8,920.0,863.0, LED OFF ,0.0,0.0,0.0,45.0,NE,575.0,7.0,102401.96
2022-01-16 12:01:34,92.8,919.0,864.0, LED OFF ,0.0,0.0,0.0,45.0,NE,575.0,7.0,102401.74
2022-01-16 12:01:40,92.8,919.0,863.0, LED OFF ,0.0,0.0,0.0,45.0,NE,579.0,7.0,102401.67
2022-01-16 12:01:46,92.8,921.0,864.0, LED OFF ,0.0,0.0,0.0,45.0,NE,579.0,7.0,102400.86
2022-01-16 12:01:52,92.8,922.0,864.0, LED OFF ,0.0,0.0,0.0,202.5,SSW,575.0,7.0,102400.77
2022-01-16 12:01:58,92.8,920.0,865.0, LED OFF ,0.0,0.0,0.0,202.5,SSW,575.0,7.0,102401.36
2022-01-16 12:02:04,92.8,921.0,865.0, LED OFF ,0.0,0.0,0.0,202.5,SSW,575.0,7.0,102401.04
2022-01-16 12:02:10,92.8,922.0,865.0, LED OFF ,0.0,0.0,0.0,202.5,SSW,575.0,7.0,102400.89
2022-01-16 12:02:16,92.8,919.0,865.0, LED OFF ,0.0,0.0,0.0,202.5,SSW,575.0,7.0,102400.23
2022-01-16 12:02:22,92.8,921.0,866.0, LED OFF ,0.0,0.0,0.0,202.5,SSW,575.0,7.0,102400.74
2022-01-16 12:02:28,92.8,920.0,866.0, LED OFF ,0.0,0.0,0.0,202.5,SSW,575.0,7.0,102400.94
2022-01-16 12:02:34,92.8,920.0,866.0, LED OFF ,0.0,0.0,0.0,202.5,SSW,575.0,7.0,102400.35
2022-01-16 12:02:40,92.9,922.0,866.0, LED OFF ,0.0,0.0,0.0,202.5,SSW,575.0,7.0,102400.85
2022-01-16 12:02:46,92.9,920.0,867.0, LED OFF ,0.0,0.0,0.0,202.5,SSW,579.0,7.0,102400.78
2022-01-16 12:02:52,92.9,920.0,867.0, LED OFF ,0.0,0.0,0.0,315.0,NW,579.0,7.0,102400.69
2022-01-16 12:02:58,92.8,921.0,867.0, LED OFF ,0.0,0.0,0.0,315.0,NW,579.0,7.0,102400.96
2022-01-16 12:03:04,92.8,922.0,868.0, LED OFF ,0.0,0.0,0.0,315.0,NW,579.0,7.0,102399.92
2022-01-16 12:03:10,92.7,922.0,868.0, LED OFF ,0.0,0.0,0.0,315.0,NW,579.0,7.0,102399.49
2022-01-16 12:03:16,92.7,919.0,868.0, LED OFF ,0.0,0.0,0.0,315.0,NW,579.0,7.0,102399.44
2022-01-16 12:03:22,92.7,921.0,868.0, LED OFF ,0.0,0.0,0.0,315.0,NW,579.0,7.0,102399.34
2022-01-16 12:03:28,92.6,920.0,868.0, LED OFF ,0.0,0.0,0.0,315.0,NW,579.0,7.1,102398.52
2022-01-16 12:03:34,92.6,921.0,869.0, LED OFF ,0.0,0.0,0.0,315.0,NW,579.0,7.0,102399.06
2022-01-16 12:03:40,92.5,921.0,869.0, LED OFF ,0.0,0.0,0.0,315.0,NW,579.0,7.1,102398.91
2022-01-16 12:03:46,92.5,921.0,869.0, LED OFF ,0.0,0.0,0.0,315.0,NW,579.0,7.1,102399.24
2022-01-16 12:03:52,92.5,921.0,869.0, LED OFF ,0.0,0.0,0.0,315.0,NW,579.0,7.1,102398.58
2022-01-16 12:03:58,92.5,920.0,869.0, LED OFF ,0.0,0.0,0.0,315.0,NW,579.0,7.1,102398.03
2022-01-16 12:04:04,92.5,921.0,869.0, LED OFF ,0.0,0.0,0.0,315.0,NW,579.0,7.1,102397.78
2022-01-16 12:04:10,92.5,922.0,869.0, LED OFF ,0.0,0.0,0.0,315.0,NW,579.0,7.1,102398.1
2022-01-16 12:04:16,92.5,920.0,869.0, LED OFF ,0.0,0.0,0.0,315.0,NW,575.0,7.1,102397.61
2022-01-16 12:04:23,92.5,922.0,869.0, LED OFF ,0.0,0.0,0.0,315.0,NW,579.0,7.1,102397.78
2022-01-16 12:04:29,92.4,920.0,870.0, LED OFF ,0.0,0.0,0.0,315.0,NW,579.0,7.1,102398.1
2022-01-16 12:04:35,92.4,920.0,870.0, LED OFF ,0.0,0.0,0.0,315.0,NW,575.0,7.1,102398.53
2022-01-16 12:04:41,92.3,922.0,871.0, LED OFF ,0.0,0.0,0.0,315.0,NW,575.0,7.1,102398.21
2022-01-16 12:04:47,92.3,920.0,871.0, LED OFF ,0.0,0.0,0.0,315.0,NW,575.0,7.1,102397.46
2022-01-16 12:04:53,92.2,921.0,871.0, LED OFF ,0.0,0.0,0.0,315.0,NW,575.0,7.1,102396.91
2022-01-16 12:04:59,92.2,922.0,871.0, LED OFF ,0.0,0.0,0.0,315.0,NW,579.0,7.1,102396.85
2022-01-16 12:05:05,92.2,920.0,871.0, LED OFF ,0.0,0.0,0.0,315.0,NW,575.0,7.1,102395.36
2022-01-16 12:05:11,92.2,920.0,872.0, LED OFF ,0.0,0.0,0.0,315.0,NW,575.0,7.1,102395.43
2022-01-16 12:05:17,92.1,921.0,872.0, LED OFF ,0.0,0.0,0.0,315.0,NW,575.0,7.1,102396.19
2022-01-16 12:05:23,92.1,920.0,872.0, LED OFF ,0.0,0.0,0.0,315.0,NW,575.0,7.1,102396.69
2022-01-16 12:05:29,92.0,921.0,873.0, LED OFF ,0.0,0.0,0.0,315.0,NW,575.0,7.1,102396.43
2022-01-16 12:05:35,92.0,921.0,873.0, LED OFF ,0.0,0.0,0.0,315.0,NW,575.0,7.1,102396.21
2022-01-16 12:05:41,92.0,920.0,873.0, LED OFF ,0.0,0.0,0.0,315.0,NW,575.0,7.1,102396.21
2022-01-16 12:05:47,92.0,922.0,874.0, LED OFF ,0.0,0.0,0.0,315.0,NW,575.0,7.1,102396.97
2022-01-16 12:05:53,92.0,920.0,875.0, LED OFF ,0.0,0.0,0.0,315.0,NW,575.0,7.1,102397.7
2022-01-16 12:05:59,92.0,921.0,877.0, LED OFF ,0.0,0.0,0.0,315.0,NW,575.0,7.1,102397.64
2022-01-16 12:06:05,92.0,922.0,878.0, LED OFF ,0.0,0.0,0.0,315.0,NW,575.0,7.1,102398.21
2022-01-16 12:06:11,92.0,919.0,880.0, LED OFF ,0.0,0.0,0.0,315.0,NW,575.0,7.1,102398.86
2022-01-16 12:06:17,92.0,921.0,882.0, LED OFF ,0.0,0.0,0.0,315.0,NW,575.0,7.1,102399.29
2022-01-16 12:06:23,92.0,922.0,882.0, LED OFF ,0.0,0.0,0.0,315.0,NW,575.0,7.1,102399.89
2022-01-16 12:06:29,91.9,920.0,883.0, LED OFF ,0.0,0.0,0.0,315.0,NW,575.0,7.1,102400.46
2022-01-16 12:06:35,91.9,922.0,884.0, LED OFF ,0.0,0.0,0.0,315.0,NW,575.0,7.1,102400.88
2022-01-16 12:06:41,91.8,921.0,884.0, LED OFF ,0.0,0.0,0.0,315.0,NW,575.0,7.1,102400.63
2022-01-16 12:06:47,91.8,921.0,884.0, LED OFF ,0.0,0.0,0.0,315.0,NW,575.0,7.1,102400.35
2022-01-16 12:06:53,91.7,921.0,883.0, LED OFF ,0.0,0.0,0.0,315.0,NW,575.0,7.1,102400.58
2022-01-16 12:06:59,91.7,922.0,883.0, LED OFF ,0.0,0.0,0.0,315.0,NW,575.0,7.1,102401.34
2022-01-16 12:07:05,91.7,921.0,883.0, LED OFF ,0.0,0.0,0.0,315.0,NW,575.0,7.1,102401.67
2022-01-16 12:07:11,91.8,919.0,883.0, LED OFF ,0.0,0.0,0.0,315.0,NW,575.0,7.1,102401.69
2022-01-16 12:07:17,91.8,921.0,885.0, LED OFF ,0.0,0.0,0.0,315.0,NW,575.0,7.1,102401.36
2022-01-16 12:07:23,91.8,922.0,887.0, LED OFF ,0.0,0.0,0.0,315.0,NW,575.0,7.1,102402.19
2022-01-16 12:07:29,91.8,922.0,885.0, LED OFF ,0.0,0.0,0.0,315.0,NW,575.0,7.1,102401.81
2022-01-16 12:07:35,91.8,922.0,885.0, LED OFF ,0.0,0.0,0.0,315.0,NW,575.0,7.1,102401.32
2022-01-16 12:07:41,91.8,922.0,887.0, LED OFF ,0.0,0.0,0.0,315.0,NW,575.0,7.1,102402.4
2022-01-16 12:07:47,91.6,923.0,893.0, LED OFF ,0.0,0.0,0.0,315.0,NW,575.0,7.1,102402.14
2022-01-16 12:07:53,91.6,922.0,899.0, LED OFF ,0.0,0.0,0.0,315.0,NW,575.0,7.1,102401.92
2022-01-16 12:07:59,91.5,921.0,902.0, LED OFF ,0.0,0.0,0.0,315.0,NW,575.0,7.1,102401.54
2022-01-16 12:08:05,91.5,920.0,900.0, LED OFF ,0.0,0.0,0.0,315.0,NW,575.0,7.1,102401.88
2022-01-16 12:08:11,91.5,921.0,893.0, LED OFF ,0.0,0.0,0.0,315.0,NW,575.0,7.1,102402.39
2022-01-16 12:08:17,91.6,921.0,891.0, LED OFF ,0.0,0.0,0.0,315.0,NW,575.0,7.1,102403.0
2022-01-16 12:08:23,91.6,923.0,894.0, LED OFF ,0.0,0.0,0.0,315.0,NW,575.0,7.1,102403.5
2022-01-16 12:08:29,91.6,923.0,892.0, LED OFF ,0.0,0.0,0.0,315.0,NW,570.0,7.1,102403.45
2022-01-16 12:08:35,91.5,922.0,892.0, LED OFF ,0.0,0.0,0.0,315.0,NW,570.0,7.1,102402.8
2022-01-16 12:08:41,91.5,922.0,891.0, LED OFF ,1.0,20.0,1.15,315.0,NW,570.0,7.1,102403.63
2022-01-16 12:08:47,91.4,921.0,892.0, LED OFF ,1.0,20.0,1.15,292.5,WNW,570.0,7.2,102403.24
2022-01-16 12:08:53,91.2,920.0,895.0, LED OFF ,0.0,0.0,0.0,292.5,WNW,570.0,7.1,102402.92
2022-01-16 12:08:59,91.2,920.0,889.0, LED OFF ,0.0,0.0,0.0,292.5,WNW,570.0,7.1,102402.86
2022-01-16 12:09:05,91.2,921.0,887.0, LED OFF ,0.0,0.0,0.0,292.5,WNW,575.0,7.1,102403.27
2022-01-16 12:09:11,91.3,921.0,888.0, LED OFF ,0.0,0.0,0.0,292.5,WNW,570.0,7.1,102402.88
2022-01-16 12:09:17,91.3,923.0,889.0, LED OFF ,0.0,0.0,0.0,292.5,WNW,570.0,7.1,102403.71
2022-01-16 12:09:23,91.3,922.0,886.0, LED OFF ,0.0,0.0,0.0,315.0,NW,570.0,7.2,102404.8
2022-01-16 12:09:29,91.2,922.0,885.0, LED OFF ,0.0,0.0,0.0,225.0,SW,570.0,7.2,102405.85
2022-01-16 12:09:35,91.1,921.0,884.0, LED OFF ,1.0,19.0,1.09,247.5,WSW,570.0,7.1,102406.94
2022-01-16 12:09:41,91.0,921.0,883.0, LED OFF ,0.0,0.0,0.0,315.0,NW,570.0,7.2,102407.35
2022-01-16 12:09:47,90.9,921.0,883.0, LED OFF ,0.0,0.0,0.0,315.0,NW,570.0,7.2,102407.35
2022-01-16 12:09:53,90.8,920.0,882.0, LED OFF ,0.0,0.0,0.0,315.0,NW,575.0,7.2,102407.61
2022-01-16 12:09:59,90.8,920.0,882.0, LED OFF ,0.0,0.0,0.0,315.0,NW,570.0,7.2,102407.78
2022-01-16 12:10:05,90.8,920.0,882.0, LED OFF ,0.0,0.0,0.0,315.0,NW,570.0,7.2,102408.44
2022-01-16 12:10:11,90.8,922.0,882.0, LED OFF ,0.0,0.0,0.0,315.0,NW,570.0,7.2,102407.3
2022-01-16 12:10:17,90.9,923.0,880.0, LED OFF ,0.0,0.0,0.0,315.0,NW,570.0,7.2,102407.24
2022-01-16 12:10:23,90.9,921.0,879.0, LED OFF ,0.0,0.0,0.0,315.0,NW,570.0,7.2,102407.14
2022-01-16 12:10:29,91.0,921.0,879.0, LED OFF ,0.0,0.0,0.0,315.0,NW,570.0,7.2,102407.02
2022-01-16 12:10:35,91.0,920.0,879.0, LED OFF ,0.0,0.0,0.0,315.0,NW,570.0,7.2,102407.59
2022-01-16 12:10:41,90.9,920.0,879.0, LED OFF ,0.0,0.0,0.0,315.0,NW,575.0,7.2,102407.75
2022-01-16 12:10:47,90.9,921.0,879.0, LED OFF ,0.0,0.0,0.0,315.0,NW,570.0,7.2,102407.75
2022-01-16 12:10:53,90.8,920.0,879.0, LED OFF ,0.0,0.0,0.0,315.0,NW,570.0,7.2,102408.02
2022-01-16 12:10:59,90.7,920.0,878.0, LED OFF ,0.0,0.0,0.0,315.0,NW,570.0,7.2,102407.53
2022-01-16 12:11:05,90.8,921.0,879.0, LED OFF ,0.0,0.0,0.0,315.0,NW,575.0,7.2,102407.92
2022-01-16 12:11:11,90.7,920.0,879.0, LED OFF ,0.0,0.0,0.0,315.0,NW,575.0,7.2,102407.7
2022-01-16 12:11:17,90.7,921.0,878.0, LED OFF ,0.0,0.0,0.0,315.0,NW,570.0,7.2,102407.37
2022-01-16 12:11:23,90.7,922.0,879.0, LED OFF ,0.0,0.0,0.0,315.0,NW,575.0,7.2,102407.64
2022-01-16 12:11:29,90.8,923.0,878.0, LED OFF ,0.0,0.0,0.0,315.0,NW,575.0,7.2,102408.31
2022-01-16 12:11:35,90.9,923.0,878.0, LED OFF ,0.0,0.0,0.0,315.0,NW,570.0,7.2,102407.72
2022-01-16 12:11:41,90.8,921.0,878.0, LED OFF ,0.0,0.0,0.0,315.0,NW,570.0,7.2,102407.33
2022-01-16 12:11:47,90.7,920.0,878.0, LED OFF ,0.0,0.0,0.0,315.0,NW,570.0,7.3,102408.75
2022-01-16 12:11:54,90.7,921.0,878.0, LED OFF ,0.0,0.0,0.0,315.0,NW,570.0,7.3,102408.33
2022-01-16 12:12:00,90.7,922.0,878.0, LED OFF ,0.0,0.0,0.0,315.0,NW,570.0,7.3,102408.43
2022-01-16 12:12:06,90.7,921.0,877.0, LED OFF ,0.0,0.0,0.0,315.0,NW,570.0,7.3,102408.67
2022-01-16 12:12:12,90.7,922.0,877.0, LED OFF ,0.0,0.0,0.0,315.0,NW,570.0,7.3,102409.27
2022-01-16 12:12:18,90.7,920.0,877.0, LED OFF ,0.0,0.0,0.0,315.0,NW,575.0,7.3,102408.88
2022-01-16 12:12:24,90.8,921.0,877.0, LED OFF ,0.0,0.0,0.0,315.0,NW,570.0,7.3,102408.78
2022-01-16 12:12:30,90.7,923.0,877.0, LED OFF ,0.0,0.0,0.0,315.0,NW,570.0,7.3,102409.45
2022-01-16 12:12:36,90.7,922.0,877.0, LED OFF ,0.0,0.0,0.0,315.0,NW,575.0,7.3,102409.28
2022-01-16 12:12:42,90.7,921.0,878.0, LED OFF ,0.0,0.0,0.0,315.0,NW,570.0,7.3,102409.55
2022-01-16 12:12:48,90.6,920.0,877.0, LED OFF ,0.0,0.0,0.0,315.0,NW,570.0,7.3,102409.89
2022-01-16 12:12:54,90.6,920.0,878.0, LED OFF ,0.0,0.0,0.0,315.0,NW,570.0,7.3,102409.23
2022-01-16 12:13:00,90.5,921.0,878.0, LED OFF ,0.0,0.0,0.0,315.0,NW,570.0,7.3,102409.99
2022-01-16 12:13:06,90.4,921.0,878.0, LED OFF ,0.0,0.0,0.0,315.0,NW,575.0,7.3,102410.49
2022-01-16 12:13:12,90.3,921.0,879.0, LED OFF ,0.0,0.0,0.0,315.0,NW,570.0,7.3,102410.32
2022-01-16 12:13:18,90.2,921.0,879.0, LED OFF ,0.0,0.0,0.0,315.0,NW,570.0,7.3,102411.05
2022-01-16 12:13:24,90.2,921.0,879.0, LED OFF ,0.0,0.0,0.0,315.0,NW,570.0,7.3,102411.15
2022-01-16 12:13:30,90.0,922.0,879.0, LED OFF ,0.0,0.0,0.0,315.0,NW,570.0,7.3,102411.71
2022-01-16 12:13:36,90.0,921.0,879.0, LED OFF ,0.0,0.0,0.0,315.0,NW,570.0,7.3,102411.82
2022-01-16 12:13:42,90.0,922.0,879.0, LED OFF ,0.0,0.0,0.0,315.0,NW,570.0,7.3,102411.66
2022-01-16 12:13:48,90.1,923.0,880.0, LED OFF ,0.0,0.0,0.0,315.0,NW,570.0,7.3,102412.58
2022-01-16 12:13:54,90.1,922.0,879.0, LED OFF ,0.0,0.0,0.0,315.0,NW,570.0,7.3,102412.32
2022-01-16 12:14:00,90.1,922.0,880.0, LED OFF ,0.0,0.0,0.0,315.0,NW,570.0,7.3,102411.77
2022-01-16 12:14:06,90.0,921.0,879.0, LED OFF ,0.0,0.0,0.0,315.0,NW,570.0,7.3,102411.67
2022-01-16 12:14:12,90.0,921.0,880.0, LED OFF ,0.0,0.0,0.0,315.0,NW,570.0,7.3,102412.66
2022-01-16 12:14:18,90.0,921.0,879.0, LED OFF ,0.0,0.0,0.0,315.0,NW,570.0,7.3,102412.82
2022-01-16 12:14:24,90.1,920.0,880.0, LED OFF ,0.0,0.0,0.0,315.0,NW,570.0,7.3,102412.82
2022-01-16 12:14:30,90.1,921.0,880.0, LED OFF ,0.0,0.0,0.0,315.0,NW,566.0,7.3,102413.36
2022-01-16 12:14:36,90.3,922.0,879.0, LED OFF ,0.0,0.0,0.0,315.0,NW,566.0,7.3,102414.14
2022-01-16 12:14:42,90.3,923.0,880.0, LED OFF ,0.0,0.0,0.0,247.5,WSW,566.0,7.3,102414.6
2022-01-16 12:14:48,90.4,922.0,879.0, LED OFF ,0.0,0.0,0.0,45.0,NE,566.0,7.3,102415.0
2022-01-16 12:14:54,90.4,923.0,878.0, LED OFF ,0.0,0.0,0.0,45.0,NE,570.0,7.3,102414.78
2022-01-16 12:15:00,90.5,923.0,878.0, LED OFF ,0.0,0.0,0.0,45.0,NE,570.0,7.3,102415.12
2022-01-16 12:15:06,90.5,923.0,878.0, LED OFF ,0.0,0.0,0.0,45.0,NE,570.0,7.3,102415.07
2022-01-16 12:15:12,90.5,923.0,878.0, LED OFF ,0.0,0.0,0.0,45.0,NE,570.0,7.3,102415.39
2022-01-16 12:15:18,90.6,921.0,878.0, LED OFF ,0.0,0.0,0.0,45.0,NE,570.0,7.3,102415.22
2022-01-16 12:15:24,90.7,920.0,877.0, LED OFF ,0.0,0.0,0.0,45.0,NE,570.0,7.3,102414.41
2022-01-16 12:15:30,90.7,921.0,878.0, LED OFF ,0.0,0.0,0.0,45.0,NE,570.0,7.3,102414.41
2022-01-16 12:15:36,90.7,922.0,877.0, LED OFF ,0.0,0.0,0.0,45.0,NE,570.0,7.3,102414.24
2022-01-16 12:15:42,90.6,923.0,877.0, LED OFF ,0.0,0.0,0.0,45.0,NE,570.0,7.3,102413.91
2022-01-16 12:15:48,90.7,923.0,876.0, LED OFF ,0.0,0.0,0.0,45.0,NE,570.0,7.3,102413.75
2022-01-16 12:15:54,90.7,922.0,876.0, LED OFF ,0.0,0.0,0.0,45.0,NE,570.0,7.3,102413.47
2022-01-16 12:16:00,90.7,920.0,876.0, LED OFF ,0.0,0.0,0.0,45.0,NE,570.0,7.3,102412.91
2022-01-16 12:16:06,90.7,920.0,876.0, LED OFF ,0.0,0.0,0.0,45.0,NE,570.0,7.3,102413.24
2022-01-16 12:16:12,90.8,920.0,875.0, LED OFF ,0.0,0.0,0.0,292.5,WNW,570.0,7.3,102413.41
2022-01-16 12:16:18,90.8,920.0,875.0, LED OFF ,0.0,0.0,0.0,225.0,SW,570.0,7.3,102413.57
2022-01-16 12:16:24,90.7,920.0,874.0, LED OFF ,0.0,0.0,0.0,225.0,SW,570.0,7.3,102413.24
2022-01-16 12:16:30,90.6,920.0,874.0, LED OFF ,0.0,0.0,0.0,225.0,SW,570.0,7.3,102412.66
2022-01-16 12:16:36,90.4,921.0,874.0, LED OFF ,0.0,0.0,0.0,225.0,SW,570.0,7.3,102412.67
2022-01-16 12:16:42,90.4,921.0,874.0, LED OFF ,0.0,0.0,0.0,225.0,SW,570.0,7.4,102412.87
2022-01-16 12:16:48,90.4,920.0,874.0, LED OFF ,0.0,0.0,0.0,225.0,SW,570.0,7.3,102412.72
2022-01-16 12:16:54,90.3,921.0,874.0, LED OFF ,0.0,0.0,0.0,225.0,SW,570.0,7.4,102412.46
2022-01-16 12:17:00,90.3,921.0,874.0, LED OFF ,0.0,0.0,0.0,225.0,SW,570.0,7.3,102412.67
2022-01-16 12:17:06,90.3,921.0,873.0, LED OFF ,0.0,0.0,0.0,225.0,SW,570.0,7.4,102412.02
2022-01-16 12:17:12,90.1,921.0,874.0, LED OFF ,0.0,0.0,0.0,225.0,SW,570.0,7.4,102412.08
2022-01-16 12:17:18,89.9,920.0,873.0, LED OFF ,0.0,0.0,0.0,225.0,SW,570.0,7.4,102411.69
2022-01-16 12:17:24,89.9,920.0,873.0, LED OFF ,0.0,0.0,0.0,225.0,SW,570.0,7.4,102412.2
2022-01-16 12:17:30,90.0,920.0,873.0, LED OFF ,0.0,0.0,0.0,225.0,SW,570.0,7.3,102412.14
2022-01-16 12:17:36,90.1,920.0,873.0, LED OFF ,0.0,0.0,0.0,225.0,SW,570.0,7.4,102412.53
2022-01-16 12:17:42,90.0,920.0,873.0, LED OFF ,0.0,0.0,0.0,225.0,SW,570.0,7.4,102412.46
2022-01-16 12:17:48,89.8,922.0,873.0, LED OFF ,0.0,0.0,0.0,225.0,SW,570.0,7.3,102412.96
2022-01-16 12:17:54,89.7,923.0,873.0, LED OFF ,0.0,0.0,0.0,225.0,SW,570.0,7.4,102412.8
2022-01-16 12:18:00,89.7,922.0,873.0, LED OFF ,0.0,0.0,0.0,225.0,SW,570.0,7.4,102413.36
2022-01-16 12:18:06,89.7,920.0,873.0, LED OFF ,0.0,0.0,0.0,225.0,SW,570.0,7.4,102413.03
2022-01-16 12:18:12,89.7,920.0,873.0, LED OFF ,0.0,0.0,0.0,225.0,SW,570.0,7.4,102412.86
2022-01-16 12:18:18,89.7,921.0,872.0, LED OFF ,0.0,0.0,0.0,225.0,SW,570.0,7.4,102411.98
2022-01-16 12:18:24,89.8,922.0,872.0, LED OFF ,0.0,0.0,0.0,225.0,SW,566.0,7.4,102410.35
2022-01-16 12:18:30,89.8,923.0,873.0, LED OFF ,0.0,0.0,0.0,225.0,SW,566.0,7.4,102410.3
2022-01-16 12:18:36,90.0,923.0,873.0, LED OFF ,0.0,0.0,0.0,315.0,NW,570.0,7.3,102410.37
2022-01-16 12:18:42,90.1,921.0,873.0, LED OFF ,0.0,0.0,0.0,315.0,NW,570.0,7.4,102410.21
2022-01-16 12:18:48,89.8,921.0,872.0, LED OFF ,0.0,0.0,0.0,315.0,NW,570.0,7.4,102409.48
2022-01-16 12:18:54,89.3,920.0,873.0, LED OFF ,0.0,0.0,0.0,315.0,NW,570.0,7.4,102408.22
2022-01-16 12:19:00,89.0,920.0,873.0, LED OFF ,0.0,0.0,0.0,315.0,NW,570.0,7.4,102408.11
2022-01-16 12:19:06,88.9,922.0,873.0, LED OFF ,0.0,0.0,0.0,315.0,NW,570.0,7.4,102408.05
2022-01-16 12:19:12,88.9,923.0,873.0, LED OFF ,0.0,0.0,0.0,315.0,NW,570.0,7.4,102408.22
2022-01-16 12:19:18,89.1,923.0,874.0, LED OFF ,0.0,0.0,0.0,315.0,NW,570.0,7.4,102409.48
2022-01-16 12:19:24,89.1,922.0,873.0, LED OFF ,0.0,0.0,0.0,315.0,NW,570.0,7.4,102409.64
2022-01-16 12:19:31,89.1,920.0,874.0, LED OFF ,0.0,0.0,0.0,315.0,NW,570.0,7.4,102409.64
2022-01-16 12:19:37,89.1,922.0,874.0, LED OFF ,0.0,0.0,0.0,315.0,NW,570.0,7.4,102409.88
2022-01-16 12:19:43,89.1,923.0,875.0, LED OFF ,0.0,0.0,0.0,315.0,NW,570.0,7.4,102409.71
2022-01-16 12:19:49,89.2,921.0,875.0, LED OFF ,0.0,0.0,0.0,315.0,NW,570.0,7.3,102409.49
2022-01-16 12:19:55,89.3,921.0,878.0, LED OFF ,0.0,0.0,0.0,315.0,NW,570.0,7.4,102409.56
2022-01-16 12:20:01,89.5,923.0,881.0, LED OFF ,0.0,0.0,0.0,315.0,NW,570.0,7.4,102409.0
2022-01-16 12:26:08,88.7,920.0,889.0, LED OFF ,0.0,0.0,0.0,0.0,N,476.0,7.5,102399.63
2022-01-16 12:26:14,88.7,923.0,878.0, LED OFF ,0.0,0.0,0.0,315.0,NW,530.0,7.5,102402.38
2022-01-16 12:26:20,88.9,922.0,878.0, LED OFF ,0.0,0.0,0.0,315.0,NW,557.0,7.5,102402.82
2022-01-16 12:26:26,88.9,920.0,878.0, LED OFF ,0.0,0.0,0.0,315.0,NW,570.0,7.5,102403.39
2022-01-16 12:26:33,89.0,920.0,878.0, LED OFF ,0.0,0.0,0.0,315.0,NW,575.0,7.5,102404.0
2022-01-16 12:26:39,89.1,921.0,878.0, LED OFF ,0.0,0.0,0.0,315.0,NW,575.0,7.5,102404.01
2022-01-16 12:26:45,89.2,921.0,878.0, LED OFF ,0.0,0.0,0.0,315.0,NW,575.0,7.5,102404.05
2022-01-16 12:26:51,89.2,922.0,878.0, LED OFF ,1.0,20.0,1.15,247.5,WSW,575.0,7.5,102404.13
2022-01-16 12:26:57,89.0,922.0,879.0, LED OFF ,0.0,0.0,0.0,247.5,WSW,575.0,7.5,102405.12
2022-01-16 12:27:03,89.0,921.0,878.0, LED OFF ,0.0,0.0,0.0,315.0,NW,579.0,7.5,102405.72
2022-01-16 12:27:09,89.1,921.0,879.0, LED OFF ,0.0,0.0,0.0,315.0,NW,575.0,7.5,102406.81
2022-01-16 12:27:15,89.1,921.0,879.0, LED OFF ,0.0,0.0,0.0,315.0,NW,575.0,7.5,102406.05
2022-01-16 12:27:21,88.7,923.0,879.0, LED OFF ,0.0,0.0,0.0,315.0,NW,579.0,7.5,102405.61
2022-01-16 12:27:27,88.5,923.0,880.0, LED OFF ,0.0,0.0,0.0,315.0,NW,579.0,7.5,102405.78
2022-01-16 12:27:33,88.2,922.0,880.0, LED OFF ,0.0,0.0,0.0,315.0,NW,579.0,7.5,102406.11
2022-01-16 12:27:39,88.0,922.0,880.0, LED OFF ,0.0,0.0,0.0,315.0,NW,579.0,7.5,102406.87
2022-01-16 12:27:45,88.2,921.0,880.0, LED OFF ,0.0,0.0,0.0,315.0,NW,579.0,7.5,102406.49
2022-01-16 12:27:51,88.3,921.0,879.0, LED OFF ,0.0,0.0,0.0,315.0,NW,575.0,7.5,102405.73
2022-01-16 12:27:57,88.2,921.0,880.0, LED OFF ,0.0,0.0,0.0,315.0,NW,575.0,7.5,102405.25
2022-01-16 12:28:03,88.1,922.0,881.0, LED OFF ,0.0,0.0,0.0,315.0,NW,575.0,7.5,102404.86
2022-01-16 12:28:09,87.9,924.0,881.0, LED OFF ,0.0,0.0,0.0,315.0,NW,575.0,7.5,102405.36
2022-01-16 12:28:15,88.0,924.0,881.0, LED OFF ,0.0,0.0,0.0,315.0,NW,579.0,7.5,102406.03
2022-01-16 12:28:21,88.0,923.0,881.0, LED OFF ,0.0,0.0,0.0,315.0,NW,579.0,7.5,102405.97
2022-01-16 12:28:27,88.1,923.0,881.0, LED OFF ,1.0,20.0,1.15,315.0,NW,575.0,7.5,102405.49
2022-01-16 12:28:33,88.1,924.0,882.0, LED OFF ,2.0,40.0,2.3,315.0,NW,575.0,7.5,102405.66
2022-01-16 12:28:39,88.2,924.0,881.0, LED OFF ,1.0,20.0,1.15,225.0,SW,575.0,7.5,102405.71
2022-01-16 12:28:45,88.1,924.0,881.0, LED OFF ,0.0,0.0,0.0,225.0,SW,575.0,7.5,102406.53
2022-01-16 12:28:51,88.1,922.0,881.0, LED OFF ,0.0,0.0,0.0,225.0,SW,575.0,7.5,102406.81
2022-01-16 12:28:57,88.2,921.0,881.0, LED OFF ,0.0,0.0,0.0,225.0,SW,575.0,7.5,102407.48
2022-01-16 12:29:03,88.2,921.0,882.0, LED OFF ,0.0,0.0,0.0,225.0,SW,575.0,7.5,102406.83
2022-01-16 12:29:09,88.3,923.0,881.0, LED OFF ,0.0,0.0,0.0,225.0,SW,575.0,7.5,102407.27
2022-01-16 12:29:15,88.3,923.0,881.0, LED OFF ,0.0,0.0,0.0,225.0,SW,575.0,7.5,102406.24
2022-01-16 12:29:21,88.6,922.0,881.0, LED OFF ,0.0,0.0,0.0,225.0,SW,575.0,7.5,102406.48
2022-01-16 12:29:27,88.5,921.0,882.0, LED OFF ,0.0,0.0,0.0,225.0,SW,575.0,7.5,102406.6
2022-01-16 12:29:33,88.6,921.0,882.0, LED OFF ,0.0,0.0,0.0,225.0,SW,575.0,7.6,102405.46
2022-01-16 12:29:39,88.6,921.0,882.0, LED OFF ,0.0,0.0,0.0,225.0,SW,575.0,7.5,102405.39
2022-01-16 12:29:45,88.7,922.0,882.0, LED OFF ,0.0,0.0,0.0,225.0,SW,575.0,7.6,102404.75
2022-01-16 12:29:51,88.7,923.0,882.0, LED OFF ,0.0,0.0,0.0,225.0,SW,575.0,7.6,102404.35
2022-01-16 12:29:57,88.7,923.0,882.0, LED OFF ,0.0,0.0,0.0,225.0,SW,575.0,7.6,102405.08
2022-01-16 12:30:03,88.5,922.0,882.0, LED OFF ,0.0,0.0,0.0,225.0,SW,575.0,7.6,102404.26
2022-01-16 12:30:09,88.4,921.0,883.0, LED OFF ,0.0,0.0,0.0,225.0,SW,575.0,7.6,102404.53
2022-01-16 12:30:15,88.4,921.0,883.0, LED OFF ,0.0,0.0,0.0,225.0,SW,579.0,7.6,102404.41
2022-01-16 12:30:21,88.4,921.0,883.0, LED OFF ,0.0,0.0,0.0,225.0,SW,575.0,7.6,102404.89
2022-01-16 12:30:27,88.5,922.0,883.0, LED OFF ,0.0,0.0,0.0,225.0,SW,575.0,7.6,102405.33
2022-01-16 12:30:33,88.4,923.0,883.0, LED OFF ,0.0,0.0,0.0,225.0,SW,575.0,7.6,102405.99
2022-01-16 12:30:39,88.2,924.0,884.0, LED OFF ,0.0,0.0,0.0,315.0,NW,575.0,7.6,102406.16
2022-01-16 12:30:45,88.2,923.0,884.0, LED OFF ,0.0,0.0,0.0,315.0,NW,575.0,7.6,102406.55
2022-01-16 12:30:51,88.0,923.0,884.0, LED OFF ,0.0,0.0,0.0,315.0,NW,579.0,7.6,102406.5
2022-01-16 12:30:57,88.0,923.0,884.0, LED OFF ,0.0,0.0,0.0,315.0,NW,575.0,7.6,102405.85
2022-01-16 12:31:03,88.0,922.0,884.0, LED OFF ,0.0,0.0,0.0,315.0,NW,575.0,7.6,102405.28
2022-01-16 12:31:09,88.0,921.0,885.0, LED OFF ,0.0,0.0,0.0,315.0,NW,575.0,7.6,102406.23
2022-01-16 12:31:15,88.1,921.0,885.0, LED OFF ,0.0,0.0,0.0,315.0,NW,575.0,7.6,102407.29
2022-01-16 12:31:21,88.1,922.0,885.0, LED OFF ,0.0,0.0,0.0,315.0,NW,575.0,7.6,102407.57
2022-01-16 12:31:27,88.2,923.0,885.0, LED OFF ,0.0,0.0,0.0,315.0,NW,575.0,7.7,102407.91
2022-01-16 12:31:33,88.1,924.0,885.0, LED OFF ,0.0,0.0,0.0,315.0,NW,575.0,7.6,102407.96
2022-01-16 12:31:39,88.1,924.0,885.0, LED OFF ,0.0,0.0,0.0,315.0,NW,575.0,7.7,102408.03
2022-01-16 12:31:45,88.2,923.0,885.0, LED OFF ,0.0,0.0,0.0,315.0,NW,575.0,7.7,102407.64
2022-01-16 12:31:51,88.1,923.0,885.0, LED OFF ,0.0,0.0,0.0,315.0,NW,575.0,7.7,102406.82
2022-01-16 12:31:57,87.9,924.0,885.0, LED OFF ,0.0,0.0,0.0,315.0,NW,575.0,7.7,102406.67
2022-01-16 12:32:03,88.0,923.0,885.0, LED OFF ,0.0,0.0,0.0,315.0,NW,579.0,7.7,102406.51
2022-01-16 12:32:09,88.1,923.0,885.0, LED OFF ,0.0,0.0,0.0,315.0,NW,575.0,7.7,102407.27
2022-01-16 12:32:15,88.2,922.0,884.0, LED OFF ,0.0,0.0,0.0,315.0,NW,575.0,7.7,102407.38
2022-01-16 12:32:21,88.3,921.0,884.0, LED OFF ,0.0,0.0,0.0,315.0,NW,575.0,7.7,102407.12
2022-01-16 12:32:27,88.3,921.0,884.0, LED OFF ,0.0,0.0,0.0,315.0,NW,575.0,7.7,102407.06
2022-01-16 12:32:33,88.2,921.0,884.0, LED OFF ,0.0,0.0,0.0,315.0,NW,575.0,7.7,102407.89
2022-01-16 12:32:39,88.5,922.0,884.0, LED OFF ,0.0,0.0,0.0,315.0,NW,575.0,7.7,102408.0
2022-01-16 12:32:45,88.5,924.0,883.0, LED OFF ,0.0,0.0,0.0,315.0,NW,575.0,7.7,102408.07
2022-01-16 12:32:51,88.5,923.0,884.0, LED OFF ,0.0,0.0,0.0,315.0,NW,575.0,7.7,102409.1
2022-01-16 12:32:57,88.2,921.0,883.0, LED OFF ,0.0,0.0,0.0,315.0,NW,575.0,7.7,102408.85
2022-01-16 12:33:03,88.3,924.0,883.0, LED OFF ,0.0,0.0,0.0,315.0,NW,575.0,7.7,102409.52
2022-01-16 12:33:09,88.4,922.0,883.0, LED OFF ,0.0,0.0,0.0,315.0,NW,575.0,7.7,102409.18
2022-01-16 12:33:15,88.4,921.0,883.0, LED OFF ,0.0,0.0,0.0,315.0,NW,575.0,7.7,102409.94
2022-01-16 12:33:21,88.5,923.0,883.0, LED OFF ,0.0,0.0,0.0,315.0,NW,575.0,7.7,102410.12
2022-01-16 12:33:27,88.6,921.0,882.0, LED OFF ,0.0,0.0,0.0,315.0,NW,575.0,7.7,102410.61
2022-01-16 12:33:33,88.6,924.0,883.0, LED OFF ,0.0,0.0,0.0,315.0,NW,575.0,7.8,102411.05
2022-01-16 12:33:39,88.7,922.0,882.0, LED OFF ,0.0,0.0,0.0,315.0,NW,575.0,7.7,102411.12
2022-01-16 12:33:45,88.6,921.0,882.0, LED OFF ,0.0,0.0,0.0,315.0,NW,575.0,7.8,102411.98
2022-01-16 12:33:51,88.2,923.0,882.0, LED OFF ,0.0,0.0,0.0,0.0,N,575.0,7.8,102411.32
2022-01-16 12:33:57,88.0,923.0,882.0, LED OFF ,0.0,0.0,0.0,315.0,NW,575.0,7.8,102411.99
2022-01-16 12:34:03,88.1,922.0,882.0, LED OFF ,1.0,20.0,1.15,315.0,NW,575.0,7.8,102412.16
2022-01-16 12:34:10,87.6,920.0,882.0, LED OFF ,1.0,20.0,1.15,315.0,NW,575.0,7.8,102412.55
2022-01-16 12:34:16,87.5,924.0,882.0, LED OFF ,0.0,0.0,0.0,315.0,NW,575.0,7.8,102413.09
2022-01-16 12:34:22,87.7,923.0,882.0, LED OFF ,0.0,0.0,0.0,315.0,NW,570.0,7.8,102413.27
2022-01-16 12:34:28,88.0,921.0,882.0, LED OFF ,0.0,0.0,0.0,315.0,NW,575.0,7.8,102412.85
2022-01-16 12:34:34,88.0,921.0,882.0, LED OFF ,0.0,0.0,0.0,315.0,NW,570.0,7.8,102413.33
2022-01-16 12:34:40,87.4,923.0,881.0, LED OFF ,0.0,0.0,0.0,315.0,NW,570.0,7.8,102413.83
2022-01-16 12:34:46,87.3,923.0,882.0, LED OFF ,0.0,0.0,0.0,315.0,NW,570.0,7.8,102414.82
2022-01-16 12:34:52,87.4,921.0,882.0, LED OFF ,0.0,0.0,0.0,315.0,NW,570.0,7.8,102414.98
2022-01-16 12:34:58,87.3,924.0,881.0, LED OFF ,0.0,0.0,0.0,315.0,NW,575.0,7.8,102414.98
2022-01-16 12:35:04,87.2,921.0,882.0, LED OFF ,0.0,0.0,0.0,315.0,NW,575.0,7.8,102415.32
2022-01-16 12:35:10,87.3,922.0,882.0, LED OFF ,0.0,0.0,0.0,315.0,NW,570.0,7.8,102415.47
2022-01-16 12:35:16,87.4,924.0,881.0, LED OFF ,0.0,0.0,0.0,315.0,NW,570.0,7.8,102415.8
2022-01-16 12:35:22,87.4,921.0,881.0, LED OFF ,0.0,0.0,0.0,315.0,NW,570.0,7.7,102415.97
2022-01-16 12:35:28,87.2,921.0,881.0, LED OFF ,0.0,0.0,0.0,315.0,NW,570.0,7.8,102416.96
2022-01-16 12:35:34,87.2,923.0,881.0, LED OFF ,0.0,0.0,0.0,315.0,NW,570.0,7.8,102417.39
2022-01-16 12:35:40,87.2,921.0,881.0, LED OFF ,0.0,0.0,0.0,315.0,NW,575.0,7.8,102418.48
2022-01-16 12:35:46,87.3,924.0,881.0, LED OFF ,0.0,0.0,0.0,315.0,NW,570.0,7.8,102419.14
2022-01-16 12:35:52,87.4,920.0,881.0, LED OFF ,0.0,0.0,0.0,315.0,NW,570.0,7.8,102418.83
2022-01-16 12:35:58,87.6,924.0,881.0, LED OFF ,0.0,0.0,0.0,315.0,NW,570.0,7.8,102419.83
2022-01-16 12:36:04,87.8,921.0,881.0, LED OFF ,0.0,0.0,0.0,315.0,NW,570.0,7.8,102419.16
2022-01-16 12:36:10,87.8,923.0,881.0, LED OFF ,0.0,0.0,0.0,315.0,NW,570.0,7.8,102420.1
2022-01-16 12:36:16,87.9,921.0,881.0, LED OFF ,0.0,0.0,0.0,315.0,NW,575.0,7.8,102420.25
2022-01-16 12:36:22,88.0,923.0,881.0, LED OFF ,0.0,0.0,0.0,315.0,NW,570.0,7.8,102420.82
2022-01-16 12:36:28,88.1,922.0,881.0, LED OFF ,0.0,0.0,0.0,315.0,NW,570.0,7.8,102420.99
2022-01-16 12:36:34,88.1,923.0,881.0, LED OFF ,0.0,0.0,0.0,315.0,NW,575.0,7.8,102422.57
2022-01-16 12:36:40,88.1,921.0,881.0, LED OFF ,0.0,0.0,0.0,315.0,NW,575.0,7.8,102421.81
2022-01-16 12:36:46,88.0,921.0,881.0, LED OFF ,0.0,0.0,0.0,315.0,NW,570.0,7.8,102422.08
2022-01-16 12:36:52,88.2,922.0,881.0, LED OFF ,0.0,0.0,0.0,315.0,NW,575.0,7.8,102422.35
2022-01-16 12:36:58,88.3,923.0,882.0, LED OFF ,0.0,0.0,0.0,315.0,NW,575.0,7.8,102422.68
2022-01-16 12:37:04,88.5,921.0,881.0, LED OFF ,0.0,0.0,0.0,292.5,WNW,575.0,7.8,102423.19
2022-01-16 12:37:10,88.7,922.0,881.0, LED OFF ,0.0,0.0,0.0,292.5,WNW,575.0,7.8,102423.47
2022-01-16 12:37:16,88.9,922.0,882.0, LED OFF ,1.0,20.0,1.15,292.5,WNW,575.0,7.8,102422.99
2022-01-16 12:37:22,89.0,922.0,881.0, LED OFF ,0.0,0.0,0.0,0.0,N,575.0,7.8,102422.77
2022-01-16 12:37:28,89.1,924.0,882.0, LED OFF ,0.0,0.0,0.0,315.0,NW,575.0,7.8,102422.99
2022-01-16 12:37:34,88.5,921.0,881.0, LED OFF ,0.0,0.0,0.0,225.0,SW,575.0,7.9,102422.32
2022-01-16 12:37:40,88.1,923.0,882.0, LED OFF ,0.0,0.0,0.0,225.0,SW,575.0,7.9,102422.22
2022-01-16 12:37:46,87.9,921.0,882.0, LED OFF ,0.0,0.0,0.0,225.0,SW,575.0,7.8,102422.22
2022-01-16 12:37:52,87.8,924.0,882.0, LED OFF ,0.0,0.0,0.0,225.0,SW,575.0,7.8,102422.55
2022-01-16 12:37:58,87.6,921.0,881.0, LED OFF ,0.0,0.0,0.0,225.0,SW,575.0,7.9,102421.99
2022-01-16 12:38:04,87.3,924.0,881.0, LED OFF ,0.0,0.0,0.0,225.0,SW,575.0,7.8,102422.38
2022-01-16 12:38:10,87.3,922.0,881.0, LED OFF ,0.0,0.0,0.0,225.0,SW,570.0,7.8,102421.55
2022-01-16 12:38:16,87.5,922.0,881.0, LED OFF ,0.0,0.0,0.0,225.0,SW,570.0,7.8,102421.22
2022-01-16 12:38:22,87.7,924.0,881.0, LED OFF ,1.0,19.0,1.09,225.0,SW,570.0,7.9,102421.72
2022-01-16 12:38:28,87.4,922.0,881.0, LED OFF ,1.0,20.0,1.15,225.0,SW,570.0,7.8,102421.97
2022-01-16 12:38:34,86.9,921.0,881.0, LED OFF ,0.0,0.0,0.0,225.0,SW,570.0,7.9,102421.81
2022-01-16 12:38:40,86.8,923.0,880.0, LED OFF ,1.0,20.0,1.15,225.0,SW,575.0,7.8,102421.88
2022-01-16 12:38:46,87.0,921.0,880.0, LED OFF ,0.0,0.0,0.0,225.0,SW,570.0,7.8,102423.21
2022-01-16 12:38:52,87.2,925.0,880.0, LED OFF ,1.0,19.0,1.09,315.0,NW,575.0,7.8,102423.14
2022-01-16 12:38:58,87.3,921.0,879.0, LED OFF ,0.0,0.0,0.0,315.0,NW,575.0,7.8,102423.32
2022-01-16 12:39:04,87.4,924.0,879.0, LED OFF ,0.0,0.0,0.0,315.0,NW,570.0,7.8,102423.92
2022-01-16 12:39:10,87.2,922.0,879.0, LED OFF ,0.0,0.0,0.0,315.0,NW,575.0,7.8,102423.82
2022-01-16 12:39:16,87.0,923.0,878.0, LED OFF ,0.0,0.0,0.0,315.0,NW,575.0,7.8,102423.86
2022-01-16 12:39:22,87.3,923.0,879.0, LED OFF ,0.0,0.0,0.0,315.0,NW,575.0,7.8,102422.94
2022-01-16 12:39:28,87.4,921.0,878.0, LED OFF ,0.0,0.0,0.0,315.0,NW,570.0,7.8,102423.22
2022-01-16 12:39:34,87.4,904.0,859.0, LED OFF ,2.0,39.0,2.24,315.0,NW,570.0,7.8,102422.56
2022-01-16 12:39:40,87.0,922.0,878.0, LED OFF ,2.0,40.0,2.3,180.0,S,570.0,7.9,102422.72
2022-01-16 12:39:46,86.9,923.0,877.0, LED OFF ,1.0,20.0,1.15,225.0,SW,570.0,7.9,102421.89
2022-01-16 12:39:52,86.9,923.0,877.0, LED OFF ,0.0,0.0,0.0,225.0,SW,575.0,7.8,102420.99
2022-01-16 12:39:58,86.7,922.0,877.0, LED OFF ,0.0,0.0,0.0,225.0,SW,570.0,7.8,102420.99
2022-01-16 12:40:04,86.7,923.0,877.0, LED OFF ,0.0,0.0,0.0,225.0,SW,570.0,7.8,102421.41
2022-01-16 12:40:10,86.9,922.0,877.0, LED OFF ,0.0,0.0,0.0,225.0,SW,575.0,7.9,102421.03
2022-01-16 12:40:16,87.1,923.0,876.0, LED OFF ,0.0,0.0,0.0,225.0,SW,570.0,7.9,102420.28
2022-01-16 12:40:22,87.3,922.0,876.0, LED OFF ,0.0,0.0,0.0,225.0,SW,570.0,7.9,102420.22
2022-01-16 12:40:28,87.6,923.0,876.0, LED OFF ,0.0,0.0,0.0,225.0,SW,575.0,7.9,102419.24
2022-01-16 12:40:34,87.5,921.0,876.0, LED OFF ,0.0,0.0,0.0,225.0,SW,575.0,7.8,102419.24
2022-01-16 12:40:40,87.1,923.0,876.0, LED OFF ,0.0,0.0,0.0,0.0,N,570.0,7.9,102419.73
2022-01-16 12:40:46,87.1,921.0,876.0, LED OFF ,0.0,0.0,0.0,292.5,WNW,570.0,7.9,102419.07
2022-01-16 12:40:52,86.9,924.0,876.0, LED OFF ,0.0,0.0,0.0,292.5,WNW,570.0,7.9,102418.58
2022-01-16 12:40:58,86.8,921.0,876.0, LED OFF ,0.0,0.0,0.0,315.0,NW,570.0,7.9,102418.14
2022-01-16 12:41:04,86.5,924.0,876.0, LED OFF ,0.0,0.0,0.0,247.5,WSW,570.0,7.9,102418.64
2022-01-16 12:41:10,86.5,921.0,876.0, LED OFF ,0.0,0.0,0.0,225.0,SW,570.0,7.9,102418.31
2022-01-16 12:41:16,86.4,924.0,876.0, LED OFF ,0.0,0.0,0.0,292.5,WNW,570.0,7.9,102418.74
2022-01-16 12:41:22,86.6,922.0,876.0, LED OFF ,0.0,0.0,0.0,225.0,SW,570.0,7.9,102418.58
2022-01-16 12:41:28,86.7,923.0,877.0, LED OFF ,0.0,0.0,0.0,225.0,SW,570.0,7.9,102418.85
2022-01-16 12:41:35,86.7,922.0,877.0, LED OFF ,0.0,0.0,0.0,315.0,NW,570.0,7.9,102418.19
2022-01-16 12:41:41,86.7,924.0,877.0, LED OFF ,0.0,0.0,0.0,315.0,NW,575.0,7.9,102417.53
2022-01-16 12:41:47,86.7,921.0,878.0, LED OFF ,2.0,40.0,2.3,292.5,WNW,570.0,7.9,102417.2
2022-01-16 12:41:53,86.5,923.0,878.0, LED OFF ,1.0,19.0,1.09,225.0,SW,570.0,7.9,102416.86
2022-01-16 12:41:59,86.5,925.0,878.0, LED OFF ,1.0,20.0,1.15,225.0,SW,570.0,7.9,102416.94
2022-01-16 12:42:05,86.5,922.0,877.0, LED OFF ,0.0,0.0,0.0,225.0,SW,570.0,7.9,102417.1
2022-01-16 12:42:11,86.3,922.0,878.0, LED OFF ,1.0,20.0,1.15,225.0,SW,570.0,7.9,102417.1
2022-01-16 12:42:17,86.3,924.0,878.0, LED OFF ,0.0,0.0,0.0,225.0,SW,570.0,7.9,102416.88
2022-01-16 12:42:23,86.5,922.0,879.0, LED OFF ,0.0,0.0,0.0,225.0,SW,570.0,7.9,102416.45
2022-01-16 12:42:29,86.5,924.0,878.0, LED OFF ,0.0,0.0,0.0,225.0,SW,570.0,7.9,102415.13
2022-01-16 12:42:35,86.5,923.0,878.0, LED OFF ,0.0,0.0,0.0,225.0,SW,570.0,7.9,102414.96
2022-01-16 12:42:41,86.5,921.0,878.0, LED OFF ,0.0,0.0,0.0,225.0,SW,570.0,7.9,102415.3
2022-01-16 12:42:47,86.6,924.0,879.0, LED OFF ,1.0,20.0,1.15,180.0,S,570.0,7.9,102415.72
2022-01-16 12:42:53,86.6,924.0,879.0, LED OFF ,1.0,20.0,1.15,292.5,WNW,570.0,7.9,102415.63
2022-01-16 12:42:59,86.8,902.0,861.0, LED OFF ,2.0,39.0,2.24,225.0,SW,570.0,7.9,102415.24
2022-01-16 12:43:05,87.0,924.0,880.0, LED OFF ,0.0,0.0,0.0,225.0,SW,570.0,7.9,102414.91
2022-01-16 12:43:11,86.9,923.0,880.0, LED OFF ,0.0,0.0,0.0,225.0,SW,570.0,7.9,102415.41
2022-01-16 12:43:17,86.9,922.0,881.0, LED OFF ,0.0,0.0,0.0,225.0,SW,570.0,7.9,102415.41
2022-01-16 12:43:23,87.0,924.0,881.0, LED OFF ,0.0,0.0,0.0,225.0,SW,570.0,7.9,102415.08
2022-01-16 12:43:29,87.2,921.0,881.0, LED OFF ,1.0,20.0,1.15,225.0,SW,570.0,7.9,102415.08
2022-01-16 12:43:35,87.3,924.0,882.0, LED OFF ,1.0,20.0,1.15,225.0,SW,570.0,7.9,102414.85
2022-01-16 12:43:41,87.5,922.0,883.0, LED OFF ,0.0,0.0,0.0,225.0,SW,570.0,7.9,102414.53
2022-01-16 12:43:47,87.6,923.0,883.0, LED OFF ,0.0,0.0,0.0,292.5,WNW,570.0,7.9,102415.08
2022-01-16 12:43:53,87.8,922.0,883.0, LED OFF ,2.0,40.0,2.3,315.0,NW,570.0,7.9,102415.25
2022-01-16 12:43:59,87.6,925.0,885.0, LED OFF ,1.0,20.0,1.15,315.0,NW,570.0,7.9,102415.5
2022-01-16 12:44:05,87.0,922.0,884.0, LED OFF ,3.0,59.0,3.39,315.0,NW,570.0,7.9,102415.57
2022-01-16 12:44:11,86.6,924.0,886.0, LED OFF ,2.0,40.0,2.3,315.0,NW,570.0,7.9,102415.74
2022-01-16 12:44:17,86.9,923.0,886.0, LED OFF ,2.0,40.0,2.3,292.5,WNW,570.0,7.9,102415.96
2022-01-16 12:44:23,86.6,922.0,886.0, LED OFF ,1.0,20.0,1.15,292.5,WNW,570.0,7.9,102415.4
2022-01-16 12:44:29,86.3,923.0,887.0, LED OFF ,0.0,0.0,0.0,292.5,WNW,570.0,7.9,102415.4
2022-01-16 12:44:35,86.1,923.0,887.0, LED OFF ,0.0,0.0,0.0,292.5,WNW,570.0,7.9,102415.57
2022-01-16 12:44:41,86.2,924.0,888.0, LED OFF ,0.0,0.0,0.0,292.5,WNW,570.0,7.9,102415.72
2022-01-16 12:44:47,86.4,923.0,888.0, LED OFF ,0.0,0.0,0.0,225.0,SW,570.0,7.9,102415.3
2022-01-16 12:44:53,86.6,923.0,888.0, LED OFF ,0.0,0.0,0.0,225.0,SW,570.0,7.9,102415.08
2022-01-16 12:44:59,86.8,923.0,888.0, LED OFF ,0.0,0.0,0.0,225.0,SW,570.0,7.9,102415.5
2022-01-16 12:45:05,86.7,923.0,888.0, LED OFF ,0.0,0.0,0.0,225.0,SW,570.0,7.9,102416.33
2022-01-16 12:45:11,86.6,921.0,888.0, LED OFF ,0.0,0.0,0.0,225.0,SW,570.0,7.9,102416.0
2022-01-16 12:45:17,86.7,924.0,889.0, LED OFF ,0.0,0.0,0.0,225.0,SW,570.0,7.9,102416.33
2022-01-16 12:45:23,86.8,922.0,888.0, LED OFF ,0.0,0.0,0.0,225.0,SW,570.0,7.9,102416.17
2022-01-16 12:45:29,86.8,926.0,888.0, LED OFF ,0.0,0.0,0.0,225.0,SW,570.0,7.9,102416.57
2022-01-16 12:45:35,86.9,922.0,888.0, LED OFF ,1.0,20.0,1.15,225.0,SW,570.0,7.9,102416.41
2022-01-16 12:45:41,87.0,923.0,889.0, LED OFF ,0.0,0.0,0.0,225.0,SW,570.0,7.9,102415.85
2022-01-16 12:45:47,87.1,924.0,889.0, LED OFF ,0.0,0.0,0.0,225.0,SW,570.0,7.9,102416.68
2022-01-16 12:45:53,87.3,921.0,888.0, LED OFF ,0.0,0.0,0.0,225.0,SW,570.0,7.9,102417.0
2022-01-16 12:45:59,87.5,925.0,888.0, LED OFF ,0.0,0.0,0.0,225.0,SW,570.0,7.9,102416.62
2022-01-16 12:46:05,87.6,921.0,888.0, LED OFF ,0.0,0.0,0.0,315.0,NW,570.0,7.9,102416.8
2022-01-16 12:46:11,87.6,925.0,888.0, LED OFF ,0.0,0.0,0.0,315.0,NW,570.0,7.9,102416.8
2022-01-16 12:46:17,87.6,921.0,888.0, LED OFF ,0.0,0.0,0.0,315.0,NW,570.0,7.9,102416.41
2022-01-16 12:46:23,87.5,924.0,888.0, LED OFF ,0.0,0.0,0.0,315.0,NW,570.0,7.9,102416.75
2022-01-16 12:46:29,87.1,923.0,888.0, LED OFF ,0.0,0.0,0.0,315.0,NW,570.0,7.9,102416.58
2022-01-16 12:46:35,86.9,924.0,888.0, LED OFF ,0.0,0.0,0.0,315.0,NW,570.0,7.9,102416.42
2022-01-16 12:46:41,86.8,923.0,887.0, LED OFF ,0.0,0.0,0.0,315.0,NW,570.0,7.9,102416.92
2022-01-16 12:46:47,86.8,924.0,887.0, LED OFF ,0.0,0.0,0.0,315.0,NW,570.0,7.9,102417.32
2022-01-16 12:46:53,86.9,923.0,887.0, LED OFF ,0.0,0.0,0.0,315.0,NW,570.0,7.9,102417.64
2022-01-16 12:46:59,86.9,923.0,888.0, LED OFF ,0.0,0.0,0.0,315.0,NW,570.0,7.9,102418.41
2022-01-16 12:47:05,86.7,923.0,887.0, LED OFF ,0.0,0.0,0.0,315.0,NW,570.0,7.9,102418.74
2022-01-16 12:47:11,86.6,922.0,888.0, LED OFF ,0.0,0.0,0.0,315.0,NW,570.0,7.9,102419.4
2022-01-16 12:47:17,86.7,925.0,887.0, LED OFF ,0.0,0.0,0.0,315.0,NW,570.0,7.9,102418.52
2022-01-16 12:47:23,86.8,923.0,887.0, LED OFF ,0.0,0.0,0.0,315.0,NW,566.0,8.0,102418.86
2022-01-16 12:47:29,87.0,923.0,887.0, LED OFF ,0.0,0.0,0.0,315.0,NW,566.0,7.9,102418.8
2022-01-16 12:47:35,86.9,925.0,887.0, LED OFF ,0.0,0.0,0.0,225.0,SW,570.0,7.9,102418.14
2022-01-16 12:47:41,86.8,922.0,887.0, LED OFF ,0.0,0.0,0.0,202.5,SSW,570.0,7.9,102417.5
2022-01-16 12:47:47,86.6,923.0,887.0, LED OFF ,0.0,0.0,0.0,202.5,SSW,570.0,7.9,102417.35
2022-01-16 12:47:53,86.7,924.0,887.0, LED OFF ,0.0,0.0,0.0,202.5,SSW,566.0,8.0,102416.78
2022-01-16 12:47:59,86.9,922.0,888.0, LED OFF ,0.0,0.0,0.0,202.5,SSW,566.0,7.9,102416.36
2022-01-16 12:48:05,86.9,924.0,888.0, LED OFF ,0.0,0.0,0.0,202.5,SSW,570.0,8.0,102416.47
2022-01-16 12:48:11,86.8,924.0,888.0, LED OFF ,0.0,0.0,0.0,202.5,SSW,570.0,8.0,102416.3
2022-01-16 12:48:17,86.6,923.0,887.0, LED OFF ,0.0,0.0,0.0,202.5,SSW,570.0,8.0,102416.57
2022-01-16 12:48:23,86.5,923.0,887.0, LED OFF ,0.0,0.0,0.0,202.5,SSW,570.0,8.0,102416.89
2022-01-16 12:48:29,86.4,924.0,887.0, LED OFF ,0.0,0.0,0.0,315.0,NW,570.0,8.0,102417.07
2022-01-16 12:48:35,86.5,923.0,888.0, LED OFF ,0.0,0.0,0.0,0.0,N,570.0,8.0,102416.91
2022-01-16 12:48:41,86.5,924.0,888.0, LED OFF ,0.0,0.0,0.0,0.0,N,570.0,8.0,102417.8
2022-01-16 12:48:47,86.4,923.0,887.0, LED OFF ,0.0,0.0,0.0,0.0,N,570.0,8.0,102418.8
2022-01-16 12:48:53,86.6,923.0,887.0, LED OFF ,0.0,0.0,0.0,0.0,N,570.0,8.0,102418.74
2022-01-16 12:48:59,86.6,924.0,887.0, LED OFF ,0.0,0.0,0.0,247.5,WSW,570.0,8.0,102418.85
2022-01-16 12:49:06,86.6,922.0,887.0, LED OFF ,0.0,0.0,0.0,225.0,SW,566.0,8.0,102418.36
2022-01-16 12:49:12,86.8,925.0,887.0, LED OFF ,0.0,0.0,0.0,225.0,SW,566.0,8.0,102417.94
2022-01-16 12:49:18,86.8,924.0,887.0, LED OFF ,0.0,0.0,0.0,225.0,SW,570.0,8.0,102417.44
2022-01-16 12:49:24,86.8,922.0,888.0, LED OFF ,0.0,0.0,0.0,225.0,SW,570.0,8.0,102416.46
2022-01-16 12:49:30,86.7,924.0,888.0, LED OFF ,0.0,0.0,0.0,225.0,SW,570.0,8.0,102416.72
2022-01-16 12:49:36,86.7,925.0,888.0, LED OFF ,0.0,0.0,0.0,225.0,SW,566.0,8.0,102416.5
2022-01-16 12:49:42,86.6,923.0,888.0, LED OFF ,0.0,0.0,0.0,225.0,SW,566.0,8.0,102416.39
2022-01-16 12:49:48,85.9,923.0,888.0, LED OFF ,0.0,0.0,0.0,225.0,SW,570.0,8.0,102416.22
2022-01-16 12:49:54,86.0,925.0,888.0, LED OFF ,0.0,0.0,0.0,225.0,SW,570.0,8.0,102415.74
2022-01-16 12:50:00,86.1,924.0,888.0, LED OFF ,0.0,0.0,0.0,225.0,SW,570.0,8.0,102416.0
2022-01-16 12:50:06,86.3,922.0,889.0, LED OFF ,0.0,0.0,0.0,225.0,SW,570.0,8.0,102415.58
2022-01-16 12:50:12,86.3,925.0,889.0, LED OFF ,0.0,0.0,0.0,225.0,SW,570.0,8.0,102415.52
2022-01-16 12:50:18,86.5,922.0,889.0, LED OFF ,0.0,0.0,0.0,225.0,SW,570.0,8.0,102415.13
2022-01-16 12:50:24,86.7,925.0,889.0, LED OFF ,0.0,0.0,0.0,225.0,SW,570.0,8.0,102416.08
2022-01-16 12:50:30,86.9,922.0,889.0, LED OFF ,0.0,0.0,0.0,225.0,SW,566.0,8.0,102415.71
2022-01-16 12:50:36,87.1,924.0,889.0, LED OFF ,0.0,0.0,0.0,225.0,SW,570.0,8.0,102414.63
2022-01-16 12:50:42,87.4,925.0,890.0, LED OFF ,0.0,0.0,0.0,225.0,SW,570.0,8.0,102414.57
2022-01-16 12:50:48,87.6,923.0,889.0, LED OFF ,0.0,0.0,0.0,225.0,SW,570.0,8.0,102414.85
2022-01-16 12:50:54,87.7,922.0,889.0, LED OFF ,0.0,0.0,0.0,225.0,SW,570.0,8.0,102414.41
2022-01-16 12:51:00,87.5,922.0,890.0, LED OFF ,0.0,0.0,0.0,0.0,N,570.0,8.0,102414.14
2022-01-16 12:51:06,86.8,923.0,890.0, LED OFF ,1.0,20.0,1.15,315.0,NW,570.0,8.0,102415.13
2022-01-16 12:51:12,86.3,924.0,890.0, LED OFF ,1.0,20.0,1.15,315.0,NW,570.0,8.0,102415.13
2022-01-16 12:51:18,86.2,924.0,890.0, LED OFF ,0.0,0.0,0.0,315.0,NW,570.0,8.0,102414.74
2022-01-16 12:51:24,86.2,925.0,890.0, LED OFF ,0.0,0.0,0.0,315.0,NW,570.0,8.0,102415.41
2022-01-16 12:51:30,86.2,925.0,890.0, LED OFF ,0.0,0.0,0.0,315.0,NW,570.0,8.0,102415.67
2022-01-16 12:51:36,85.9,925.0,890.0, LED OFF ,0.0,0.0,0.0,315.0,NW,570.0,8.0,102415.74
2022-01-16 12:51:42,86.0,925.0,890.0, LED OFF ,0.0,0.0,0.0,315.0,NW,570.0,8.0,102415.46
2022-01-16 12:51:48,86.1,924.0,891.0, LED OFF ,0.0,0.0,0.0,315.0,NW,570.0,8.1,102415.36
2022-01-16 12:51:54,86.1,922.0,890.0, LED OFF ,0.0,0.0,0.0,315.0,NW,570.0,8.0,102415.46
2022-01-16 12:52:00,86.2,924.0,890.0, LED OFF ,0.0,0.0,0.0,315.0,NW,570.0,8.1,102415.04
2022-01-16 12:52:06,86.4,925.0,890.0, LED OFF ,0.0,0.0,0.0,315.0,NW,570.0,8.0,102414.92
2022-01-16 12:52:12,86.4,924.0,890.0, LED OFF ,0.0,0.0,0.0,315.0,NW,570.0,8.1,102415.92
2022-01-16 12:52:18,86.2,923.0,890.0, LED OFF ,1.0,19.0,1.09,315.0,NW,570.0,8.1,102416.15
2022-01-16 12:52:24,86.1,904.0,871.0, LED OFF ,2.0,40.0,2.3,0.0,N,570.0,8.1,102416.09
2022-01-16 12:52:30,86.1,923.0,889.0, LED OFF ,1.0,20.0,1.15,315.0,NW,566.0,8.0,102415.92
2022-01-16 12:52:36,85.9,923.0,889.0, LED OFF ,1.0,20.0,1.15,315.0,NW,570.0,8.1,102416.42
2022-01-16 12:52:42,85.8,904.0,871.0, LED OFF ,1.0,20.0,1.15,315.0,NW,570.0,8.1,102416.75
2022-01-16 12:52:48,86.0,923.0,889.0, LED OFF ,1.0,20.0,1.15,315.0,NW,570.0,8.1,102416.86
2022-01-16 12:52:54,86.1,923.0,888.0, LED OFF ,1.0,19.0,1.09,315.0,NW,570.0,8.1,102416.7
2022-01-16 12:53:00,85.9,923.0,887.0, LED OFF ,0.0,0.0,0.0,225.0,SW,570.0,8.1,102416.36
2022-01-16 12:53:06,86.0,923.0,887.0, LED OFF ,0.0,0.0,0.0,225.0,SW,570.0,8.1,102415.38
2022-01-16 12:53:12,86.2,923.0,887.0, LED OFF ,0.0,0.0,0.0,225.0,SW,570.0,8.1,102414.72
2022-01-16 12:53:18,86.0,923.0,886.0, LED OFF ,0.0,0.0,0.0,225.0,SW,570.0,8.1,102414.88
2022-01-16 12:53:24,85.9,924.0,886.0, LED OFF ,0.0,0.0,0.0,225.0,SW,570.0,8.1,102415.88
2022-01-16 12:53:30,86.0,923.0,884.0, LED OFF ,0.0,0.0,0.0,225.0,SW,570.0,8.1,102415.99
2022-01-16 12:53:36,86.2,923.0,884.0, LED OFF ,0.0,0.0,0.0,225.0,SW,570.0,8.1,102416.22
2022-01-16 12:53:42,86.3,923.0,883.0, LED OFF ,0.0,0.0,0.0,225.0,SW,570.0,8.1,102416.38
2022-01-16 12:53:48,86.4,923.0,882.0, LED OFF ,0.0,0.0,0.0,225.0,SW,570.0,8.1,102417.38
2022-01-16 12:53:54,86.6,923.0,882.0, LED OFF ,0.0,0.0,0.0,225.0,SW,570.0,8.1,102417.16
2022-01-16 12:54:00,86.7,924.0,882.0, LED OFF ,0.0,0.0,0.0,225.0,SW,570.0,8.1,102417.25
2022-01-16 12:54:06,86.4,925.0,881.0, LED OFF ,0.0,0.0,0.0,225.0,SW,570.0,8.1,102418.08
2022-01-16 12:54:12,86.2,925.0,880.0, LED OFF ,0.0,0.0,0.0,225.0,SW,570.0,8.1,102417.92
2022-01-16 12:54:18,86.3,925.0,880.0, LED OFF ,0.0,0.0,0.0,225.0,SW,570.0,8.1,102417.75
2022-01-16 12:54:24,86.2,924.0,880.0, LED OFF ,2.0,40.0,2.3,225.0,SW,570.0,8.1,102417.99
2022-01-16 12:54:30,86.3,923.0,880.0, LED OFF ,1.0,19.0,1.09,225.0,SW,570.0,8.1,102418.15
2022-01-16 12:54:36,86.2,923.0,880.0, LED OFF ,2.0,40.0,2.3,225.0,SW,570.0,8.1,102417.82
2022-01-16 12:54:42,85.4,924.0,880.0, LED OFF ,1.0,20.0,1.15,225.0,SW,570.0,8.1,102417.88
2022-01-16 12:54:48,85.1,927.0,880.0, LED OFF ,1.0,20.0,1.15,225.0,SW,570.0,8.1,102418.41
2022-01-16 12:54:54,85.4,926.0,880.0, LED OFF ,1.0,20.0,1.15,225.0,SW,570.0,8.1,102418.75
2022-01-16 12:55:00,85.4,923.0,880.0, LED OFF ,0.0,0.0,0.0,202.5,SSW,570.0,8.1,102418.58
2022-01-16 12:55:06,85.2,923.0,879.0, LED OFF ,0.0,0.0,0.0,202.5,SSW,570.0,8.1,102417.94
2022-01-16 12:55:12,85.2,924.0,880.0, LED OFF ,0.0,0.0,0.0,202.5,SSW,570.0,8.1,102417.83
2022-01-16 12:55:18,85.0,925.0,880.0, LED OFF ,0.0,0.0,0.0,45.0,NE,570.0,8.1,102418.23
2022-01-16 12:55:24,85.0,926.0,880.0, LED OFF ,0.0,0.0,0.0,315.0,NW,570.0,8.1,102418.72
2022-01-16 12:55:30,85.0,925.0,880.0, LED OFF ,0.0,0.0,0.0,292.5,WNW,570.0,8.1,102418.33
2022-01-16 12:55:36,84.9,924.0,880.0, LED OFF ,0.0,0.0,0.0,292.5,WNW,570.0,8.1,102418.39
2022-01-16 12:55:42,84.5,923.0,880.0, LED OFF ,0.0,0.0,0.0,292.5,WNW,570.0,8.1,102417.79
2022-01-16 12:55:48,84.5,924.0,881.0, LED OFF ,0.0,0.0,0.0,292.5,WNW,570.0,8.1,102418.05
2022-01-16 12:55:54,84.6,925.0,880.0, LED OFF ,0.0,0.0,0.0,292.5,WNW,566.0,8.1,102417.63
2022-01-16 12:56:00,84.9,924.0,881.0, LED OFF ,0.0,0.0,0.0,292.5,WNW,570.0,8.1,102418.78
2022-01-16 12:56:06,85.0,925.0,881.0, LED OFF ,0.0,0.0,0.0,292.5,WNW,570.0,8.1,102419.38
2022-01-16 12:56:12,85.3,926.0,881.0, LED OFF ,0.0,0.0,0.0,292.5,WNW,570.0,8.1,102419.64
2022-01-16 12:56:18,85.5,926.0,881.0, LED OFF ,0.0,0.0,0.0,292.5,WNW,570.0,8.1,102419.88
2022-01-16 12:56:24,85.7,924.0,881.0, LED OFF ,0.0,0.0,0.0,292.5,WNW,570.0,8.1,102420.03
2022-01-16 12:56:30,85.5,923.0,882.0, LED OFF ,0.0,0.0,0.0,292.5,WNW,566.0,8.1,102418.89
2022-01-16 12:56:37,85.3,924.0,882.0, LED OFF ,0.0,0.0,0.0,292.5,WNW,570.0,8.1,102420.14
2022-01-16 12:56:43,85.2,925.0,882.0, LED OFF ,0.0,0.0,0.0,292.5,WNW,570.0,8.1,102420.49
2022-01-16 12:56:49,85.5,925.0,882.0, LED OFF ,0.0,0.0,0.0,292.5,WNW,570.0,8.1,102420.42
2022-01-16 12:56:55,85.8,924.0,882.0, LED OFF ,0.0,0.0,0.0,292.5,WNW,570.0,8.1,102420.42
2022-01-16 12:57:01,85.8,923.0,882.0, LED OFF ,0.0,0.0,0.0,292.5,WNW,566.0,8.1,102420.49
2022-01-16 12:57:07,85.7,925.0,883.0, LED OFF ,1.0,20.0,1.15,292.5,WNW,566.0,8.1,102420.38
2022-01-16 12:57:13,85.6,926.0,883.0, LED OFF ,1.0,20.0,1.15,225.0,SW,566.0,8.1,102420.47
2022-01-16 12:57:19,85.4,926.0,883.0, LED OFF ,0.0,0.0,0.0,225.0,SW,566.0,8.1,102420.64
2022-01-16 12:57:25,85.4,925.0,883.0, LED OFF ,0.0,0.0,0.0,0.0,N,570.0,8.1,102420.8
2022-01-16 12:57:31,85.5,924.0,884.0, LED OFF ,1.0,19.0,1.09,292.5,WNW,566.0,8.1,102420.53
2022-01-16 12:57:37,85.5,923.0,884.0, LED OFF ,1.0,19.0,1.09,292.5,WNW,566.0,8.1,102421.78
2022-01-16 12:57:43,85.1,924.0,883.0, LED OFF ,0.0,0.0,0.0,292.5,WNW,566.0,8.1,102421.95
2022-01-16 12:57:49,85.2,924.0,884.0, LED OFF ,0.0,0.0,0.0,292.5,WNW,566.0,8.1,102422.0
2022-01-16 12:57:55,85.3,926.0,884.0, LED OFF ,0.0,0.0,0.0,292.5,WNW,566.0,8.1,102422.67
2022-01-16 12:58:01,85.3,925.0,884.0, LED OFF ,0.0,0.0,0.0,292.5,WNW,566.0,8.1,102423.16
2022-01-16 12:58:07,85.4,924.0,884.0, LED OFF ,0.0,0.0,0.0,292.5,WNW,570.0,8.1,102422.6
2022-01-16 12:58:13,85.5,923.0,884.0, LED OFF ,0.0,0.0,0.0,292.5,WNW,566.0,8.1,102423.1
2022-01-16 12:58:19,85.7,923.0,884.0, LED OFF ,0.0,0.0,0.0,292.5,WNW,566.0,8.1,102423.75
2022-01-16 12:58:25,85.8,923.0,884.0, LED OFF ,0.0,0.0,0.0,292.5,WNW,566.0,8.1,102424.49
2022-01-16 12:58:31,86.1,923.0,884.0, LED OFF ,0.0,0.0,0.0,292.5,WNW,566.0,8.1,102425.25
2022-01-16 12:58:37,86.3,924.0,884.0, LED OFF ,0.0,0.0,0.0,292.5,WNW,566.0,8.1,102424.59
2022-01-16 12:58:43,86.0,924.0,884.0, LED OFF ,0.0,0.0,0.0,292.5,WNW,566.0,8.1,102425.03
2022-01-16 12:58:49,85.9,924.0,884.0, LED OFF ,1.0,20.0,1.15,292.5,WNW,566.0,8.1,102424.55
2022-01-16 12:58:55,86.0,925.0,884.0, LED OFF ,0.0,0.0,0.0,292.5,WNW,566.0,8.1,102424.78
2022-01-16 12:59:01,86.1,926.0,884.0, LED OFF ,0.0,0.0,0.0,292.5,WNW,566.0,8.1,102425.05
2022-01-16 12:59:07,86.2,926.0,885.0, LED OFF ,0.0,0.0,0.0,292.5,WNW,570.0,8.1,102425.88
2022-01-16 12:59:13,85.9,926.0,883.0, LED OFF ,0.0,0.0,0.0,292.5,WNW,566.0,8.1,102425.88
2022-01-16 12:59:19,85.5,926.0,884.0, LED OFF ,0.0,0.0,0.0,292.5,WNW,570.0,8.1,102425.54
2022-01-16 12:59:25,85.5,926.0,884.0, LED OFF ,0.0,0.0,0.0,292.5,WNW,566.0,8.1,102425.88
2022-01-16 12:59:31,85.7,926.0,884.0, LED OFF ,0.0,0.0,0.0,292.5,WNW,570.0,8.1,102426.64
2022-01-16 12:59:37,86.1,924.0,883.0, LED OFF ,0.0,0.0,0.0,292.5,WNW,570.0,8.1,102426.87
2022-01-16 12:59:43,86.3,923.0,884.0, LED OFF ,0.0,0.0,0.0,292.5,WNW,570.0,8.1,102426.47
2022-01-16 12:59:49,86.2,922.0,883.0, LED OFF ,0.0,0.0,0.0,292.5,WNW,566.0,8.1,102426.05
2022-01-16 12:59:55,85.5,923.0,884.0, LED OFF ,0.0,0.0,0.0,292.5,WNW,566.0,8.1,102426.3
2022-01-16 13:00:01,85.2,924.0,883.0, LED OFF ,0.0,0.0,0.0,292.5,WNW,566.0,8.1,102425.82
2022-01-16 13:00:07,85.2,925.0,883.0, LED OFF ,0.0,0.0,0.0,292.5,WNW,570.0,8.1,102425.22
2022-01-16 13:00:13,85.6,926.0,883.0, LED OFF ,0.0,0.0,0.0,292.5,WNW,570.0,8.1,102425.16
2022-01-16 13:00:19,85.8,926.0,883.0, LED OFF ,0.0,0.0,0.0,292.5,WNW,570.0,8.1,102425.66
2022-01-16 13:00:25,86.0,925.0,882.0, LED OFF ,0.0,0.0,0.0,292.5,WNW,570.0,8.1,102425.6
2022-01-16 13:00:31,86.1,924.0,882.0, LED OFF ,0.0,0.0,0.0,292.5,WNW,570.0,8.1,102425.61
2022-01-16 13:00:37,86.2,923.0,882.0, LED OFF ,0.0,0.0,0.0,292.5,WNW,570.0,8.1,102426.17
2022-01-16 13:00:43,86.3,923.0,882.0, LED OFF ,0.0,0.0,0.0,292.5,WNW,570.0,8.1,102426.44
2022-01-16 13:00:49,86.3,923.0,882.0, LED OFF ,0.0,0.0,0.0,292.5,WNW,566.0,8.2,102425.13
2022-01-16 13:00:55,86.3,923.0,881.0, LED OFF ,0.0,0.0,0.0,292.5,WNW,570.0,8.1,102425.46
2022-01-16 13:01:01,86.3,924.0,881.0, LED OFF ,0.0,0.0,0.0,292.5,WNW,570.0,8.1,102425.39
2022-01-16 13:01:07,86.3,924.0,881.0, LED OFF ,0.0,0.0,0.0,292.5,WNW,570.0,8.1,102425.14
2022-01-16 13:01:13,86.4,926.0,882.0, LED OFF ,0.0,0.0,0.0,292.5,WNW,570.0,8.2,102425.74
2022-01-16 13:01:19,86.4,926.0,881.0, LED OFF ,0.0,0.0,0.0,292.5,WNW,570.0,8.2,102425.75
2022-01-16 13:01:25,86.4,926.0,880.0, LED OFF ,0.0,0.0,0.0,292.5,WNW,570.0,8.1,102425.53
2022-01-16 13:01:31,86.4,925.0,881.0, LED OFF ,0.0,0.0,0.0,292.5,WNW,570.0,8.1,102424.06
2022-01-16 13:01:37,86.2,924.0,880.0, LED OFF ,0.0,0.0,0.0,292.5,WNW,570.0,8.2,102424.24
2022-01-16 13:01:43,86.1,924.0,880.0, LED OFF ,0.0,0.0,0.0,292.5,WNW,570.0,8.1,102423.67
2022-01-16 13:01:49,86.0,924.0,880.0, LED OFF ,0.0,0.0,0.0,292.5,WNW,570.0,8.1,102422.85
2022-01-16 13:01:55,86.1,923.0,879.0, LED OFF ,0.0,0.0,0.0,292.5,WNW,566.0,8.2,102423.74
2022-01-16 13:02:01,86.0,923.0,879.0, LED OFF ,0.0,0.0,0.0,292.5,WNW,566.0,8.2,102423.24
2022-01-16 13:02:07,85.9,924.0,879.0, LED OFF ,0.0,0.0,0.0,292.5,WNW,570.0,8.2,102422.24
2022-01-16 13:02:13,86.0,925.0,879.0, LED OFF ,0.0,0.0,0.0,292.5,WNW,570.0,8.2,102422.89
2022-01-16 13:02:19,86.1,925.0,879.0, LED OFF ,0.0,0.0,0.0,292.5,WNW,570.0,8.2,102422.79
2022-01-16 13:02:25,85.8,926.0,878.0, LED OFF ,0.0,0.0,0.0,292.5,WNW,570.0,8.2,102422.72
2022-01-16 13:02:31,85.5,926.0,878.0, LED OFF ,0.0,0.0,0.0,315.0,NW,570.0,8.2,102422.72
2022-01-16 13:02:37,85.2,926.0,877.0, LED OFF ,0.0,0.0,0.0,315.0,NW,566.0,8.2,102423.28
2022-01-16 13:02:43,85.3,925.0,877.0, LED OFF ,0.0,0.0,0.0,315.0,NW,570.0,8.2,102422.63
2022-01-16 13:02:49,85.4,925.0,877.0, LED OFF ,0.0,0.0,0.0,315.0,NW,570.0,8.2,102422.89
2022-01-16 13:02:55,85.3,924.0,876.0, LED OFF ,0.0,0.0,0.0,315.0,NW,570.0,8.2,102423.0
2022-01-16 13:03:01,85.3,925.0,876.0, LED OFF ,0.0,0.0,0.0,315.0,NW,570.0,8.2,102422.91
2022-01-16 13:03:07,85.6,925.0,876.0, LED OFF ,0.0,0.0,0.0,315.0,NW,570.0,8.2,102422.35
2022-01-16 13:03:13,85.8,925.0,876.0, LED OFF ,0.0,0.0,0.0,315.0,NW,570.0,8.2,102422.25
2022-01-16 13:03:19,85.9,924.0,876.0, LED OFF ,1.0,20.0,1.15,315.0,NW,570.0,8.2,102421.77
2022-01-16 13:03:25,85.6,923.0,875.0, LED OFF ,0.0,0.0,0.0,315.0,NW,570.0,8.2,102423.02
2022-01-16 13:03:31,85.4,923.0,875.0, LED OFF ,0.0,0.0,0.0,315.0,NW,566.0,8.2,102422.63
2022-01-16 13:03:37,85.3,925.0,875.0, LED OFF ,0.0,0.0,0.0,315.0,NW,570.0,8.2,102422.42
2022-01-16 13:03:43,85.0,925.0,875.0, LED OFF ,0.0,0.0,0.0,315.0,NW,566.0,8.2,102421.28
2022-01-16 13:03:49,85.1,923.0,874.0, LED OFF ,0.0,0.0,0.0,315.0,NW,566.0,8.2,102421.11
2022-01-16 13:03:55,85.1,925.0,875.0, LED OFF ,0.0,0.0,0.0,315.0,NW,570.0,8.2,102421.67
2022-01-16 13:04:01,84.8,926.0,874.0, LED OFF ,0.0,0.0,0.0,315.0,NW,566.0,8.2,102422.49
2022-01-16 13:04:08,84.6,924.0,873.0, LED OFF ,0.0,0.0,0.0,315.0,NW,566.0,8.2,102422.99
2022-01-16 13:04:14,84.6,923.0,873.0, LED OFF ,0.0,0.0,0.0,315.0,NW,566.0,8.2,102422.75
2022-01-16 13:04:20,84.7,924.0,873.0, LED OFF ,0.0,0.0,0.0,315.0,NW,566.0,8.2,102423.41
2022-01-16 13:04:26,84.6,926.0,873.0, LED OFF ,0.0,0.0,0.0,315.0,NW,566.0,8.2,102423.97
2022-01-16 13:04:32,84.6,926.0,873.0, LED OFF ,0.0,0.0,0.0,315.0,NW,566.0,8.2,102423.97
2022-01-16 13:04:38,84.8,926.0,873.0, LED OFF ,0.0,0.0,0.0,315.0,NW,570.0,8.2,102424.57
2022-01-16 13:04:44,84.9,926.0,872.0, LED OFF ,0.0,0.0,0.0,315.0,NW,566.0,8.2,102424.89
2022-01-16 13:04:50,84.5,926.0,872.0, LED OFF ,0.0,0.0,0.0,315.0,NW,566.0,8.2,102425.14
2022-01-16 13:04:56,84.5,925.0,872.0, LED OFF ,0.0,0.0,0.0,315.0,NW,566.0,8.3,102425.57
2022-01-16 13:05:02,84.5,925.0,871.0, LED OFF ,0.0,0.0,0.0,315.0,NW,566.0,8.2,102424.85
2022-01-16 13:05:08,84.5,925.0,871.0, LED OFF ,0.0,0.0,0.0,315.0,NW,566.0,8.2,102425.01
2022-01-16 13:05:14,84.5,924.0,871.0, LED OFF ,0.0,0.0,0.0,315.0,NW,566.0,8.3,102425.17
2022-01-16 13:05:20,84.3,923.0,871.0, LED OFF ,0.0,0.0,0.0,315.0,NW,566.0,8.2,102426.57
2022-01-16 13:05:26,84.3,923.0,871.0, LED OFF ,0.0,0.0,0.0,315.0,NW,566.0,8.2,102426.39
2022-01-16 13:05:32,84.4,923.0,870.0, LED OFF ,0.0,0.0,0.0,315.0,NW,566.0,8.3,102426.24
2022-01-16 13:05:38,84.6,923.0,871.0, LED OFF ,0.0,0.0,0.0,225.0,SW,566.0,8.2,102426.67
2022-01-16 13:05:44,84.9,923.0,871.0, LED OFF ,2.0,39.0,2.24,225.0,SW,566.0,8.2,102427.23
2022-01-16 13:05:50,85.0,924.0,871.0, LED OFF ,2.0,40.0,2.3,225.0,SW,566.0,8.2,102427.71
2022-01-16 13:05:56,84.2,924.0,870.0, LED OFF ,3.0,60.0,3.45,225.0,SW,566.0,8.2,102429.03
2022-01-16 13:06:02,83.9,926.0,871.0, LED OFF ,2.0,40.0,2.3,225.0,SW,566.0,8.2,102430.39
2022-01-16 13:06:08,83.7,925.0,870.0, LED OFF ,1.0,20.0,1.15,225.0,SW,566.0,8.2,102431.05
2022-01-16 13:06:14,83.4,924.0,870.0, LED OFF ,1.0,19.0,1.09,225.0,SW,566.0,8.2,102431.69
2022-01-16 13:06:20,83.6,925.0,870.0, LED OFF ,1.0,20.0,1.15,225.0,SW,566.0,8.2,102431.35
2022-01-16 13:06:26,84.0,926.0,870.0, LED OFF ,1.0,20.0,1.15,225.0,SW,566.0,8.2,102431.58
2022-01-16 13:06:32,83.9,925.0,870.0, LED OFF ,1.0,20.0,1.15,225.0,SW,566.0,8.2,102431.74
2022-01-16 13:06:38,84.1,923.0,869.0, LED OFF ,1.0,20.0,1.15,225.0,SW,566.0,8.2,102431.3
2022-01-16 13:06:44,84.4,906.0,852.0, LED OFF ,1.0,20.0,1.15,225.0,SW,566.0,8.1,102432.28
2022-01-16 13:06:50,84.4,926.0,869.0, LED OFF ,1.0,19.0,1.09,225.0,SW,566.0,8.1,102432.44
2022-01-16 13:06:56,84.3,926.0,870.0, LED OFF ,0.0,0.0,0.0,225.0,SW,566.0,8.1,102433.25
2022-01-16 13:07:02,84.4,926.0,869.0, LED OFF ,0.0,0.0,0.0,225.0,SW,566.0,8.1,102433.05
2022-01-16 13:07:08,84.4,925.0,869.0, LED OFF ,0.0,0.0,0.0,225.0,SW,566.0,8.1,102434.3
2022-01-16 13:07:14,84.7,925.0,869.0, LED OFF ,0.0,0.0,0.0,225.0,SW,566.0,8.1,102434.94
2022-01-16 13:07:20,84.8,926.0,868.0, LED OFF ,0.0,0.0,0.0,225.0,SW,566.0,8.1,102434.67
2022-01-16 13:07:26,85.0,926.0,868.0, LED OFF ,1.0,20.0,1.15,225.0,SW,566.0,8.1,102434.9
2022-01-16 13:07:32,84.6,926.0,868.0, LED OFF ,0.0,0.0,0.0,315.0,NW,566.0,8.1,102433.9
2022-01-16 13:07:38,84.3,926.0,868.0, LED OFF ,1.0,20.0,1.15,315.0,NW,566.0,8.1,102434.0
2022-01-16 13:07:44,84.4,908.0,850.0, LED OFF ,1.0,20.0,1.15,315.0,NW,566.0,8.1,102434.33
2022-01-16 13:07:50,84.6,926.0,868.0, LED OFF ,0.0,0.0,0.0,315.0,NW,566.0,8.1,102434.82
2022-01-16 13:07:56,84.6,926.0,867.0, LED OFF ,0.0,0.0,0.0,315.0,NW,566.0,8.1,102434.72
2022-01-16 13:08:02,84.8,926.0,867.0, LED OFF ,0.0,0.0,0.0,315.0,NW,566.0,8.1,102434.88
2022-01-16 13:08:08,85.1,926.0,867.0, LED OFF ,0.0,0.0,0.0,315.0,NW,566.0,8.1,102435.38
2022-01-16 13:08:14,85.3,925.0,867.0, LED OFF ,0.0,0.0,0.0,315.0,NW,566.0,8.0,102436.14
2022-01-16 13:08:20,85.5,923.0,866.0, LED OFF ,0.0,0.0,0.0,315.0,NW,566.0,8.1,102436.36
2022-01-16 13:08:26,85.6,925.0,867.0, LED OFF ,0.0,0.0,0.0,315.0,NW,566.0,8.1,102436.75
2022-01-16 13:08:32,85.0,927.0,866.0, LED OFF ,0.0,0.0,0.0,315.0,NW,566.0,8.1,102436.85
2022-01-16 13:08:38,85.0,925.0,866.0, LED OFF ,0.0,0.0,0.0,315.0,NW,566.0,8.1,102437.02
2022-01-16 13:08:44,85.0,923.0,866.0, LED OFF ,0.0,0.0,0.0,315.0,NW,566.0,8.0,102437.67
2022-01-16 13:08:50,84.9,925.0,866.0, LED OFF ,4.0,80.0,4.6,315.0,NW,566.0,8.0,102437.74
2022-01-16 13:08:56,84.9,926.0,865.0, LED OFF ,0.0,0.0,0.0,315.0,NW,566.0,8.1,102437.74
2022-01-16 13:09:02,85.0,924.0,865.0, LED OFF ,0.0,0.0,0.0,315.0,NW,566.0,8.0,102437.74
2022-01-16 13:09:08,85.1,925.0,865.0, LED OFF ,0.0,0.0,0.0,315.0,NW,566.0,8.0,102437.89
2022-01-16 13:09:14,85.2,926.0,865.0, LED OFF ,0.0,0.0,0.0,315.0,NW,566.0,8.0,102437.24
2022-01-16 13:09:20,85.3,924.0,864.0, LED OFF ,0.0,0.0,0.0,315.0,NW,566.0,8.0,102437.74
2022-01-16 13:09:26,85.4,923.0,865.0, LED OFF ,0.0,0.0,0.0,315.0,NW,566.0,8.0,102438.82
2022-01-16 13:09:32,85.5,925.0,864.0, LED OFF ,2.0,40.0,2.3,180.0,S,566.0,8.1,102439.98
2022-01-16 13:09:38,85.3,926.0,864.0, LED OFF ,1.0,19.0,1.09,292.5,WNW,566.0,8.0,102440.86
2022-01-16 13:09:44,85.3,925.0,864.0, LED OFF ,1.0,20.0,1.15,292.5,WNW,566.0,8.0,102440.7
2022-01-16 13:09:50,85.4,923.0,864.0, LED OFF ,0.0,0.0,0.0,292.5,WNW,566.0,8.1,102441.3
2022-01-16 13:09:56,85.2,926.0,864.0, LED OFF ,1.0,20.0,1.15,292.5,WNW,566.0,8.0,102441.63
2022-01-16 13:10:02,85.1,925.0,864.0, LED OFF ,2.0,40.0,2.3,292.5,WNW,566.0,8.1,102442.03
2022-01-16 13:10:08,85.2,924.0,863.0, LED OFF ,1.0,20.0,1.15,292.5,WNW,566.0,8.1,102441.2
2022-01-16 13:10:14,85.2,926.0,863.0, LED OFF ,2.0,39.0,2.24,292.5,WNW,566.0,8.0,102440.47
2022-01-16 13:10:20,85.2,925.0,863.0, LED OFF ,1.0,19.0,1.09,292.5,WNW,566.0,8.1,102440.96
2022-01-16 13:10:26,85.3,924.0,863.0, LED OFF ,1.0,20.0,1.15,315.0,NW,566.0,8.0,102441.46
2022-01-16 13:10:32,85.3,926.0,863.0, LED OFF ,0.0,0.0,0.0,315.0,NW,570.0,8.0,102440.8
2022-01-16 13:10:38,85.3,924.0,863.0, LED OFF ,0.0,0.0,0.0,315.0,NW,566.0,8.0,102441.53
